time_s,Tstar,Hstar_raw,Hstar_smooth
0.005,0.00289318718976544,1.0058160838303263,1.0157752028899911
0.01,0.00578637437953088,1.0065677585305859,1.0166237095457173
0.015,0.008679561569296319,1.0080995677749949,1.0172561684067174
0.02,0.01157274875906176,1.0103261320318913,1.0176354091641646
0.025,0.0144659359488272,1.01269666961668,1.0177513611051476
0.03,0.017359123138592638,1.0155125200528488,1.0176179207096763
0.035,0.02025231032835808,1.0185811608670554,1.0172244436725701
0.04,0.02314549751812352,1.0212480156499408,1.0165817173250828
0.045,0.02603868470788896,1.0234578388222004,1.0157127962917056
0.05,0.0289318718976544,1.0251319472860339,1.014632106411718
0.055,0.03182505908741984,1.0260895373273466,1.013360413762865
0.06,0.034718246277185276,1.025957282758705,1.0121934007246718
0.065,0.03761143346695072,1.0248456747387196,1.0106843912431525
0.07,0.04050462065671616,1.022565539010977,1.0086956340935413
0.075,0.0433978078464816,1.019374688278911,1.006424343238851
0.08,0.04629099503624704,1.0156163147776056,1.003625233887322
0.085,0.04918418222601248,1.0109288110788721,1.0003508371709653
0.09,0.05207736941577792,1.0056553694177972,0.9965750051099649
0.095,0.054970556605543355,1.000072217690912,0.9923089781468645
0.1,0.0578637437953088,0.9940989986919557,0.9875738819360877
0.105,0.06075693098507424,0.9879265607858029,0.9823868561595265
0.11,0.06365011817483968,0.9813088100282674,0.9767677509603951
0.115,0.06654330536460512,0.9748785594186854,0.9707726888319572
0.12,0.06943649255437055,0.967966165571516,0.9680690395366189
0.125,0.072329679744136,0.9609985261450424,0.9578181983804628
0.13,0.07522286693390144,0.9539153732345639,0.9509450265030188
0.135,0.07811605412366689,0.9467501890093567,0.9438497562360398
0.14,0.08100924131343232,0.9392886875860502,0.9331141570443178
0.145,0.08390242850319775,0.9316614494248259,0.929120949971234
0.15,0.0867956156929632,0.9240208183958906,0.9215326149019308
0.155,0.08968880288272864,0.9162044059782523,0.9138144965669552
0.16,0.09258199007249408,0.9080883281455888,0.9059718564500504
0.165,0.09547517726225951,0.9000609780615084,0.8980361040147764
0.17,0.09836836445202496,0.8919281591442058,0.8860938074423232
0.175,0.10126155164179039,0.8834387551241082,0.8860938074423232
0.18,0.10415473883155583,0.8750380788525911,0.8779068311162159
0.185,0.10704792602132128,0.8666156391710459,0.8653875610336477
0.19,0.10994111321108671,0.858022440426189,0.8570477107029844
0.195,0.11283430040085216,0.8492568085095574,0.8445172400375988
0.2,0.1157274875906176,0.8407171812355444,0.8360619041247389
0.205,0.11862067478038303,0.8320185136574653,0.831801597032223
0.21,0.12151386197014848,0.8232311183308031,0.8233417689283185
0.215,0.12440704915991391,0.8146580088875138,0.814887600905411
0.22,0.12730023634967935,0.8059626895263631,0.8064370202577829
0.225,0.1301934235394448,0.7972589996228926,0.7980120295538162
0.23,0.13308661072921024,0.7887562027350841,0.7896252244667151
0.235,0.13597979791897566,0.7801613298817642,0.7812846566609958
0.24,0.1388729851087411,0.7716133320654315,0.7730053133933826
0.245,0.14176617229850655,0.7632930130001778,0.7647962029617997
0.25,0.144659359488272,0.7549141001386938,0.7566774146678134
0.255,0.14755254667803744,0.7465954551819055,0.7444871666879763
0.26,0.15044573386780288,0.7385480157962574,0.736607640381252
0.265,0.15333892105756833,0.7305507996645272,0.728843627558532
0.27,0.15623210824733377,0.7225987844613188,0.7212218302498146
0.275,0.15912529543709922,0.7150033543609052,0.7137373098351317
0.28,0.16201848262686463,0.7073158482949827,0.7064037102984635
0.285,0.16491166981663005,0.6998861549324895,0.7064037102984635
0.29,0.1678048570063955,0.6927494305511697,0.6992370193756392
0.295,0.17069804419616094,0.6856311213629496,0.6891353492555554
0.3,0.1735912313859264,0.6787622543358415,0.6824274357993272
0.305,0.17648441857569183,0.6722533206284567,0.6759171468612818
0.31,0.17937760576545728,0.6656405921963149,0.6696191508203406
0.315,0.18227079295522272,0.6593777524331137,0.6635206925643986
0.32,0.18516398014498817,0.6535267433520167,0.6576461662453564
0.325,0.1880571673347536,0.6475685913292343,0.6520001955913532
0.33,0.19095035452451903,0.6420842120017172,0.6465803890188686
0.335,0.19384354171428447,0.6368275114252789,0.6384886455485183
0.34,0.19673672890404992,0.631763333322183,0.6336697243353739
0.345,0.19962991609381533,0.6269519455971275,0.6336697243353739
0.35,0.20252310328358078,0.6224268304193862,0.6291146426161298
0.355,0.20541629047334622,0.6181980324397416,0.624822228514861
0.36,0.20830947766311167,0.6143375383221423,0.6193524498047313
0.365,0.21120266485287711,0.6104803924214713,0.6157418761649467
0.37,0.21409585204264256,0.607185746964646,0.6124154226473097
0.375,0.21698903923240798,0.6040334007272475,0.6093597761035607
0.38,0.21988222642217342,0.6011874163387309,0.6065986929299955
0.385,0.22277541361193887,0.5987867448015943,0.604127310240124
0.39,0.2256686008017043,0.596371006288284,0.6019441133643839
0.395,0.22856178799146976,0.5945294869780673,0.5987183574708468
0.4,0.2314549751812352,0.5929139723104667,0.5972687469520135
0.405,0.23434816237100065,0.5915579444547632,0.5961208107783629
0.41,0.23724134956076606,0.5906522517758287,0.5961208107783629
0.415,0.2401345367505315,0.5898185457608379,0.5952658435858832
0.42,0.24302772394029695,0.5895222285627412,0.5950742099844172
0.425,0.24592091113006237,0.5893581659332837,0.5949724879653766
0.43,0.24881409831982781,0.5895858446843651,0.5951798382565402
0.435,0.25170728550959326,0.5901851755144178,0.5956799183705225
0.44,0.2546004726993587,0.5909803770347387,0.5964773520354617
0.445,0.25749365988912415,0.5922560476841814,0.5975723784097099
0.45,0.2603868470788896,0.593434620042719,0.598963403104254
0.455,0.26328003426865504,0.595239308966731,0.6006430122101828
0.46,0.2661732214584205,0.5972381944725486,0.6032115808823522
0.465,0.26906640864818593,0.5995149819833628,0.6056231341245042
0.47,0.2719595958379513,0.6022069483932048,0.6074164550548525
0.475,0.27485278302771676,0.6050495845647955,0.610244263408619
0.48,0.2777459702174822,0.6083877568416797,0.6133537205815629
0.485,0.28063915740724765,0.6116890987323592,0.6167487328267663
0.49,0.2835323445970131,0.6155328517653192,0.6204058626257356
0.495,0.28642553178677854,0.6193665601474966,0.6243364301404645
0.5,0.289318718976544,0.6237410055634939,0.628512533563222
0.505,0.29221190616630943,0.628185763534972,0.6329572118152489
0.51,0.2951050933560749,0.6329385574637948,0.6376395337496895
0.515,0.2979982805458403,0.6380496106038778,0.6425693048589748
0.52,0.30089146773560577,0.64328287366182,0.6500078510664629
0.525,0.3037846549253712,0.6489062039918381,0.6555273866717213
0.53,0.30667784211513666,0.6546567665651042,0.6612564369512286
0.535,0.3095710293049021,0.6608811018336378,0.6672037909744197
0.54,0.31246421649466755,0.6669849012927729,0.6733509498427694
0.545,0.315357403684433,0.6735222948440426,0.6797001736027038
0.55,0.31825059087419844,0.67995421956209,0.6832600257420067
0.555,0.3211437780639639,0.6867728633352851,0.6898658983013919
0.56,0.32403696525372927,0.6935680695899841,0.6966560822306999
0.565,0.32693015244349466,0.7007633877675391,0.7036053861835229
0.57,0.3298233396332601,0.707923549667355,0.7107138898793112
0.575,0.33271652682302555,0.7154402966699658,0.7179622214915552
0.58,0.335609714012791,0.7229687624318246,0.7253493446673959
0.585,0.33850290120255644,0.7306361791961818,0.7328539743135075
0.59,0.3413960883923219,0.7384760291323137,0.7404671021319655
0.595,0.34428927558208733,0.7463510353461847,0.7481832274806748
0.6,0.3471824627718528,0.7544570685280655,0.7559915085143455
0.605,0.3500756499616182,0.7624643293105807,0.763887002627037
0.61,0.35296883715138366,0.7707796260504407,0.7718554400370811
0.615,0.3558620243411491,0.778873940473076,0.7798917186996357
0.62,0.35875521153091455,0.7873281882154344,0.7879743940824737
0.625,0.36164839872068,0.7954978375189417,0.7961056983302137
0.63,0.36454158591044544,0.8040357906844917,0.804259324024138
0.635,0.3674347731002109,0.812253989133449,0.8124359089198523
0.64,0.37032796028997633,0.8207567860212576,0.8206156028741418
0.645,0.3732211474797418,0.8290235336156675,0.8287912311364481
0.65,0.3761143346695072,0.8374961965511282,0.8369434218802608
0.655,0.3790075218592726,0.8457595959286097,0.8450669136218361
0.66,0.38190070904903806,0.8541100489462112,0.853145682751592
0.665,0.3847938962388035,0.8623299215036315,0.8611679307908305
0.67,0.38768708342856895,0.8704995708071388,0.8691273599029502
0.675,0.3905802706183344,0.8786809388698916,0.8770038807863849
0.68,0.39347345780809984,0.8866664362423786,0.884796855685529
0.685,0.3963666449978653,0.8946770452418198,0.8925382521000972
0.69,0.39925983218763067,0.9024097522362664,0.9001463575931639
0.695,0.4021530193773961,0.9101642226407437,0.9076044310800908
0.7,0.40504620656716156,0.9175470409662473,0.9149394177352006
0.705,0.407939393756927,0.9250503951011495,0.9221123347471214
0.71,0.41083258094669245,0.9321184810354541,0.9291345022778462
0.715,0.4137257681364579,0.9392468348744545,0.935981526175474
0.72,0.41661895532622334,0.9460219518275882,0.9426526889649487
0.725,0.4195121425159888,0.9527351267675609,0.9491357138508689
0.73,0.42240532970575423,0.9591503104009715,0.9554152946987077
0.735,0.4252985168955197,0.9666051153904213,0.9614956566393504
0.74,0.4281917040852851,0.972024204487849,0.967343158064619
0.745,0.43108489127505056,0.9773763292467245,0.9729710324033227
0.75,0.43397807846481595,0.9830582533729753,0.9783535302728991
0.755,0.4368712656545814,0.9881274538014624,0.9834964711932457
0.76,0.43976445284434684,0.9932251140738345,0.9883849476270898
0.765,0.4426576400341123,0.997897550796394,0.9930131400545331
0.77,0.44555082722387773,1.0024243400825983,0.997374431761171
0.775,0.4484440144136432,1.0066430934114579,1.0014543138069836
0.78,0.4513372016034086,1.0105521366745096,1.0052518295585628
0.785,0.45423038879317407,1.0143540369958763,1.0087748712415239
0.79,0.4571235759829395,1.0174745751724616,1.0119135057334088
0.795,0.46001676317270496,1.020595113349047,1.0148050896477023
0.8,0.4629099503624704,1.0231966779018429,1.0174082485895124
0.805,0.46580313755223585,1.0255488002935291,1.0196992261625428
0.81,0.4686963247420013,1.0277084002118733,1.0216957998042908
0.815,0.4715895119317667,1.0293105220117629,1.023366480331746
0.82,0.4744826991215321,1.0308339607138497,1.024731357046474
0.825,0.47737588631129757,1.0316994747896513,1.025776718202962
0.83,0.480269073501063,1.0324829575507266,1.026502165203956
0.835,0.48316226069082846,1.0331341857431577,1.026914793080566
0.84,0.4860554478805939,1.0325164397200028,1.026990207680889
0.845,0.48894863507035935,1.0327474666880125,1.0267583835183736
0.85,0.49184182226012474,1.0320426670247376,1.0262058480058578
0.855,0.4947350094498902,1.0311687824066165,1.0253375437492824
0.86,0.49762819663965563,1.0300555002781682,1.024156739246126
0.865,0.5005213838294211,1.0283094051503887,1.0226617603879224
0.87,0.5034145710191865,1.0265599618056833,1.020858346975121
0.875,0.506307758208952,1.0243769243688459,1.0187474556411282
0.88,0.5092009453987174,1.0218774804323414,1.0163408848646427
0.885,0.5120941325884829,1.0192173220833103,1.013631300456203
0.89,0.5149873197782483,1.0159377436026613,1.0106220506327372
0.895,0.5178805069680138,1.012606267759634,1.0073502049388015
0.9,0.5207736941577792,1.0089918675862157,1.0037713596403792
0.905,0.5236668813475446,1.0049622885137701,0.999934063882921
0.91,0.5265600685373101,1.0007519057272303,0.9958159165007924
0.915,0.5294532557270755,0.9963138441896066,0.9914331005424766
0.92,0.532346442916841,0.9914388403429246,0.9868090535264675
0.925,0.5352396301066064,0.9865052427000075,0.9819199393370182
0.93,0.5381328172963719,0.9811614884834517,0.9767984429488988
0.935,0.5410260044861372,0.9755816849734948,0.9714517391126685
0.94,0.5439191916759026,0.9699399394503769,0.9658694642997415
0.945,0.5468123788656681,0.9638076801473546,0.9600957033663323
0.95,0.5497055660554335,0.9575917154211406,0.9541132369110986
0.955,0.552598753245199,0.9514594561181207,0.9479350592044978
0.96,0.5554919404349644,0.9446876873819129,0.941584687484474
0.965,0.5583851276247299,0.9380163651535384,0.9350589329730008
0.97,0.5612783148144953,0.9312044178142,0.928364252945582
0.975,0.5641715020042608,0.9238885638272488,0.9215301435989607
0.98,0.5670646891940262,0.9168255002183355,0.9145516623271968
0.985,0.5699578763837917,0.9095966998715043,0.9074518480515301
0.99,0.5728510635735571,0.9019895510118451,0.900248159331655
0.995,0.5757442507633226,0.8946887640010678,0.8929306312362394
1.0,0.578637437953088,0.8869744721997234,0.8855340214457703
1.005,0.5815306251428534,0.8792501357475964,0.8780700487194948
1.01,0.5844238123326189,0.8716044823932698,0.8705257985064057
1.015,0.5873169995223843,0.863711060986294,0.8629420871652407
1.02,0.5902101867121498,0.8557255636138095,0.8553237775824898
1.025,0.5931033739019151,0.8479225440638821,0.8476652096771561
1.03,0.5959965610916806,0.8399571359929627,0.8399933286235625
1.035,0.598889748281446,0.8320653886944523,0.8323235999951366
1.04,0.6017829354712115,0.8243042218561208,0.824647972127362
1.045,0.6046761226609769,0.8162718494466491,0.8169910783304921
1.05,0.6075693098507424,0.8084788745475043,0.8093438305871518
1.055,0.6104624970405078,0.8008482881693517,0.8017440956364045
1.06,0.6133556842302733,0.7930302016432504,0.7941912357226442
1.065,0.6162488714200387,0.7854297492174479,0.7866828592623517
1.07,0.6191420586098042,0.778031863915768,0.779241766018415
1.075,0.6220352457995696,0.7703744918021933,0.7718912340704266
1.08,0.6249284329893351,0.7627790617017822,0.7646169936367189
1.085,0.6278216201791005,0.755761199021393,0.7574416053218277
1.09,0.630714807368866,0.7484085146482373,0.7503767081655498
1.095,0.6336079945586314,0.7411947812775775,0.7434199105843649
1.1,0.6365011817483969,0.734096561390925,0.7366004696166649
1.105,0.6393943689381621,0.7273800382340264,0.7299146384482692
1.11,0.6422875561279278,0.7206400775586318,0.7233620184819242
1.115,0.645180743317693,0.7139285767271245,0.7169689968557978
1.12,0.6480739305074585,0.7074481028636269,0.7107311890001041
1.125,0.6509671176972239,0.7013643927060547,0.7046561682626556
1.13,0.6538603048869893,0.695163494956017,0.6987668938452418
1.135,0.6567534920767548,0.68927398138025,0.6930685475121555
1.14,0.6596466792665202,0.6837025484126128,0.6875614481411999
1.145,0.6625398664562857,0.6782114726512389,0.6822539662746935
1.15,0.6654330536460511,0.6730635891249513,0.6771622849611203
1.155,0.6683262408358166,0.6680764200111929,0.6722889552229014
1.16,0.671219428025582,0.6632432688761067,0.6676284764179413
1.165,0.6741126152153475,0.6587767474945981,0.6632034091507765
1.17,0.6770058024051129,0.6544357842478794,0.6590126373490977
1.175,0.6798989895948784,0.6504564284293468,0.6550656476275333
1.18,0.6827921767846438,0.6466997290365044,0.651348489082218
1.185,0.6856853639744093,0.6431137887069737,0.6478853167067015
1.19,0.6885785511641747,0.6401121122313217,0.6446794787179113
1.195,0.6914717383539402,0.6369513954516035,0.6417200535511073
1.2,0.6943649255437055,0.6342694736925418,0.6390260941549968
1.205,0.697258112733471,0.6317566368883288,0.6365838887840667
1.21,0.7001512999232364,0.6295099833298647,0.6344131281426294
1.215,0.7030444871130019,0.6277136649481698,0.6325106234526586
1.22,0.7059376743027673,0.6259223688918686,0.6308697579997499
1.225,0.7088308614925328,0.6245613187107737,0.6295099036104134
1.23,0.7117240486822982,0.6233040632544333,0.6284121667748427
1.235,0.7146172358720637,0.6224368750701689,0.6275908969941564
1.24,0.7175104230618291,0.6219513836156557,0.6270377237260354
1.245,0.7204036102515946,0.6215546199097279,0.6267464288533284
1.25,0.72329679744136,0.6216383253329196,0.6267333548634204
1.255,0.7261899846311254,0.6217772763354181,0.6268819519194482
1.26,0.7290831718208909,0.6224904465410103,0.6273856991281608
1.265,0.7319763590106563,0.6232906703867224,0.6281402437286455
1.27,0.7348695462004218,0.6243185729835159,0.6291367368618797
1.275,0.7377627333901872,0.6258788420718098,0.6304281919625512
1.28,0.7406559205799527,0.6274039548823621,0.6319748290247811
1.285,0.743549107769718,0.6294530636420925,0.6337825472879185
1.29,0.7464422949594836,0.6314971500764341,0.6358570865524107
1.295,0.7493354821492488,0.6339949199044732,0.6381816260141687
1.3,0.7522286693390144,0.6366768416635349,0.6407696382603538
1.305,0.7551218565287797,0.637390011869127,0.6436021500617092
1.31,0.7580150437185452,0.6423353282712921,0.6466896843857217
1.315,0.7609082309083106,0.6453554199400464,0.6500216385454541
1.32,0.7638014180980761,0.6486400207460867,0.6535934685322186
1.325,0.7666946052878415,0.6530429260059689,0.6574080442462389
1.33,0.769587792477607,0.6570406970176037,0.6614352317351659
1.335,0.7724809796673724,0.66126614678032,0.6656959174950725
1.34,0.7753741668571379,0.6660021996245035,0.6701639535461424
1.345,0.7782673540469033,0.6707667123125742,0.6748545663034514
1.35,0.7811605412366688,0.6759028770796138,0.6797400931176211
1.355,0.7840537284264342,0.681121073161382,0.6848287450920691
1.36,0.7869469156161997,0.6866154971396843,0.6902176205176983
1.365,0.7898401028059651,0.6924614838953901,0.6957110081431407
1.37,0.7927332899957306,0.6982991001087763,0.7013969979613747
1.375,0.795626477185496,0.7044246629779418,0.7072771046419627
1.38,0.7985196643752613,0.710449779339279,0.7133020615643977
1.385,0.8014128515650268,0.716878355840398,0.7194926755053015
1.39,0.8043060387547922,0.7232818207145607,0.7258444024559865
1.395,0.8071992259445577,0.7300000179799246,0.7323237602471762
1.4,0.8100924131343231,0.7365909830020358,0.7389457361355942
1.405,0.8129856003240886,0.7435385331269442,0.745669194884701
1.41,0.815878787513854,0.7505563958073358,0.7525115950541904
1.415,0.8187719747036195,0.757696468405584,0.7594428824111644
1.42,0.8216651618933849,0.7647612061229603,0.7664556430467115
1.425,0.8245583490831504,0.7721222610384357,0.7735502755580854
1.43,0.8274515362729158,0.7795670213771029,0.7807075675576771
1.435,0.8303447234626813,0.7870435897765832,0.787937165099016
1.44,0.8332379106524467,0.7946524127447053,0.795213478238441
1.445,0.8361310978422122,0.8020687132394876,0.8025336370757284
1.45,0.8390242850319776,0.8098282059693537,0.8098788278205225
1.455,0.8419174722217431,0.8170955108108549,0.8172582979291002
1.46,0.8448106594115085,0.8248114767206621,0.8246333037484409
1.465,0.847703846601274,0.8321725316361376,0.8320114186263571
1.47,0.8505970337910393,0.8397294572418813,0.8393649799134703
1.475,0.8534902209808048,0.8472863828476249,0.8467015609575932
1.48,0.8563834081705702,0.8547277949693661,0.8539934193898967
1.485,0.8592765953603357,0.8622713277073988,0.8612340979348774
1.49,0.8621697825501011,0.8696809317683244,0.8684157840863704
1.495,0.8650629697398666,0.8770051562975953,0.8755170333121489
1.5,0.8679561569296319,0.8842490236206029,0.8825506007243179
1.505,0.8708493441193973,0.8915598552821629,0.8894784601449136
1.51,0.8737425313091628,0.898413655333097,0.8963254043230907
1.515,0.8766357184989282,0.9054968082435755,0.9030423260772436
1.52,0.8795289056886937,0.9121212554349628,0.9096515468535564
1.525,0.8824220928784591,0.9188294080495443,0.9161191061660486
1.53,0.8853152800682246,0.9252512881168091,0.922442771870102
1.535,0.88820846725799,0.9316212708216954,0.9286175216403245
1.54,0.8911016544477555,0.9378589989579377,0.9346197585193217
1.545,0.8939948416375209,0.9437786464860525,0.9404557006242447
1.55,0.8968880288272864,0.9497736288950394,0.9460996782919815
1.555,0.8997812160170517,0.9553132538018633,0.9515540033866012
1.56,0.9026744032068172,0.9608813385525746,0.9567965936202715
1.565,0.9055675903965826,0.9658668335578702,0.9618347034630019
1.57,0.9084607775863481,0.9709661679387052,0.9666540631331247
1.575,0.9113539647761135,0.9755482028042187,0.971247497880081
1.58,0.914247151965879,0.9800833626327426,0.9756123769619984
1.585,0.9171403391556444,0.9843975401440419,0.9797334739638016
1.59,0.9200335263454099,0.9883183021663393,0.9836067231935066
1.595,0.9229267135351753,0.9922357159717083,0.9872255876561599
1.6,0.9258199007249408,0.9955286873200683,0.9905844072707642
1.605,0.9287130879147062,0.9987898506076174,0.9936751303728031
1.61,0.9316062751044717,1.0016542501892365,0.9964885095060003
1.615,0.9344994622942371,1.0042139620304364,0.9990194426255137
1.62,0.9373926494840026,1.006703361316156,1.001285069413235
1.625,0.940285836673768,1.0085833851210426,1.0032541398445056
1.63,0.9431790238635334,1.0104918687698117,1.004948815926609
1.635,0.9460722110532989,1.0117943251546737,1.0063447035076432
1.64,0.9489653982430643,1.0129595046455029,1.0074446724878325
1.645,0.9518585854328298,1.0138551526736521,1.008259564712466
1.65,0.9547517726225951,1.0143138583927434,1.008762913323925
1.655,0.9576449598123606,1.014678814037858,1.008981583777082
1.66,0.960538147002126,1.0143942155990067,1.0088984363900448
1.665,0.9634313341918915,1.0140309340623552,1.0085171382575442
1.67,0.9663245213816569,1.0134449961000136,1.0078482123470667
1.675,0.9692177085714224,1.012316646995389,1.0068689386151748
1.68,0.9721108957611878,1.0111364005283885,1.0056035517748687
1.685,0.9750040829509533,1.0093970018344656,1.0040473483785595
1.69,0.9778972701407187,1.0074968887280138,1.0021994515122903
1.695,0.9807904573304842,1.005431038883644,1.000066956207169
1.7,0.9836836445202495,1.0028060368123521,0.9976524134856175
1.705,0.9865768317100151,1.0001207668363645,0.9949586135284084
1.71,0.9894700188997804,0.9970437554798379,0.9919898611858772
1.715,0.9923632060895459,0.9936469894067211,0.988759788484087
1.72,0.9952563932793113,0.9901665179104103,0.9852680765452346
1.725,0.9981495804690768,0.9861386129464276,0.9815218204004288
1.73,1.0010427676588423,0.982010261474614,0.977523331913739
1.735,1.0039359548486078,0.9778115974473196,0.973280662749681
1.74,1.006829142038373,0.9729884909630161,0.968816851829496
1.745,1.0097223292281385,0.9681771032379607,0.9641214559051475
1.75,1.012615516417904,0.9631497555210693,0.9592017294466453
1.755,1.0155087036076693,0.95774405929135,0.9540835015560025
1.76,1.0184018907974348,0.9523350148447048,0.9487556115101277
1.765,1.0212950779872003,0.9465626888614082,0.9432442072888365
1.77,1.0241882651769658,0.9407049833464544,0.9375522385118031
1.775,1.027081452366731,0.934773617059094,0.9316792268623237
1.78,1.0299746395564966,0.9283483887749008,0.925658415351323
1.785,1.032867826746262,0.9220403480831755,0.9194827089476925
1.79,1.0357610139360276,0.9156569725105805,0.9131564125017675
1.795,1.0386542011257929,0.9088935743166923,0.9067192262999763
1.8,1.0415473883155584,0.9021167832550956,0.9001549672938352
1.805,1.0444405755053237,0.8953232511088596,0.8934829275904035
1.81,1.0473337626950892,0.8882350758729897,0.8867272621832305
1.815,1.0502269498848547,0.8813042668327206,0.87987625231307
1.82,1.0531201370746202,0.8741156450890198,0.8729588361405105
1.825,1.0560133242643854,0.8668332732713447,0.8659797171131413
1.83,1.058906511454151,0.8597015712154137,0.858940489619975
1.835,1.0617996986439164,0.852320426998373,0.8518804553501873
1.84,1.064692885833682,0.8449593720828975,0.8447851053637576
1.845,1.0675860730234472,0.8378075807254013,0.8376653612254265
1.85,1.0704792602132127,0.8303276641089951,0.8305516757653452
1.855,1.0733724474029782,0.8230369217490003,0.8234393455359251
1.86,1.0762656345927437,0.8158750857407214,0.8163405676131171
1.865,1.079158821782509,0.8084638075713305,0.809282924926849
1.87,1.0820520089722745,0.8012969492376603,0.8022521476954529
1.875,1.08494519616204,0.7941434837716986,0.7952800439797416
1.88,1.0878383833518053,0.7869498397026089,0.788372273860712
1.885,1.0907315705415708,0.7800876691093551,0.7815266051937452
1.89,1.0936247577313363,0.7730379983681528,0.7747746866007533
1.895,1.0965179449211018,0.7661423456056228,0.7681130901453579
1.9,1.099411132110867,0.7595061796549876,0.7615429318998677
1.905,1.1023043193006326,0.7527578484372757,0.7550987303864185
1.91,1.105197506490398,0.7462489147298909,0.748765578067737
1.915,1.1080906936801636,0.7400245794613596,0.7425618104174743
1.92,1.1109838808699288,0.7336579449734015,0.7364991461948778
1.925,1.1138770680596943,0.7277014670590821,0.7305807741779736
1.93,1.1167702552494598,0.7217701007717193,0.7248252689987653
1.935,1.1196634424392253,0.7159425292091158,0.719229043281973
1.94,1.1225566296289906,0.7105301365455423,0.713801185044972
1.945,1.125449816818756,0.7050658465195904,0.7085544493998677
1.95,1.1283430040085216,0.6998342575701111,0.703494655866558
1.955,1.131236191198287,0.694999432326562,0.698629776390109
1.96,1.1341293783880524,0.690040723056686,0.6939626808707443
1.965,1.137022565577818,0.6855959650852079,0.6895043705926547
1.97,1.1399157527675834,0.681147858896804,0.6852502218277022
1.975,1.142808939957349,0.6770111368826707,0.6812176134161303
1.98,1.1457021271471142,0.6732778750083243,0.677413082352893
1.985,1.1485953143368797,0.6694290996499705,0.6738261853899539
1.99,1.1514885015266452,0.6661026461323345,0.6704817949959189
1.995,1.1543816887164107,0.6628565498209616,0.6673618945749388
2.0,1.157274875906176,0.6598866814061204,0.6644857762340729
2.005,1.1601680630959412,0.6573437106495572,0.662718352167271
2.01,1.1630612502857067,0.6547488425306155,0.6602061013010194
2.015,1.1659544374754724,0.6526243988900106,0.657352639228031
2.02,1.1688476246652377,0.6506874553973566,0.6554707021563304
2.025,1.171740811855003,0.6489731683303904,0.6541868443193068
2.03,1.1746339990447685,0.6478063147310984,0.6526935395695675
2.035,1.177527186234534,0.6464452645500011,0.6513754342565409
2.04,1.1804203734242995,0.6457103309343784,0.6505386191829762
2.045,1.1833135606140648,0.6450122277049601,0.6497604178355082
2.05,1.1862067478038303,0.6446673613614108,0.6493070692635021
2.055,1.1890999349935958,0.6447544150015309,0.6491909698415352
2.06,1.1919931221833613,0.6448381204247225,0.6495313160922326
2.065,1.1948863093731266,0.6454860004002253,0.6495313160922326
2.07,1.197779496562892,0.6460752865794953,0.6501270475890878
2.075,1.2006726837526576,0.6471450418878847,0.6521051741499532
2.08,1.203565870942423,0.6483989491272968,0.6534693214317077
2.085,1.2064590581321883,0.6498922538770358,0.654693836109661
2.09,1.2093522453219538,0.6518559831051116,0.6551062646876441
2.095,1.2122454325117193,0.6537895783808396,0.6591175122724123
2.1,1.2151386197014848,0.6562454954972828,0.6614927373608991
2.105,1.2180318068912501,0.6586629081190586,0.6631854722743787
2.11,1.2209249940810156,0.6615557675445625,0.6641070251380212
2.115,1.2238181812707811,0.6645390288271122,0.6700400655338467
2.12,1.2267113684605466,0.6678169331992982,0.6733563069898542
2.125,1.229604555650312,0.6714062217457574,0.6754751822268302
2.13,1.2324977428400774,0.6750892603661908,0.6768916892437773
2.135,1.2353909300298427,0.6791841296687282,0.6806522390860862
2.14,1.2382841172196084,0.6832019899819282,0.6887976138168674
2.145,1.2411773044093737,0.6877455203527718,0.69129486945445
2.15,1.2440704915991392,0.6921718631311476,0.6931701340081304
2.155,1.2469636787889045,0.6970401705439728,0.6977335025642704
2.16,1.2498568659786702,0.7019118261737289,0.7074097657798042
2.165,1.2527500531684355,0.7070731025677274,0.7102209845158886
2.17,1.255643240358201,0.7124001156996439,0.7125050823003274
2.175,1.2585364275479662,0.7178526869663503,0.7177641266286134
2.18,1.261429614737732,0.7236099459734731,0.7287287837179133
2.185,1.2643228019274972,0.7293052629674348,0.7344166509292102
2.19,1.2672159891172627,0.7353504686303372,0.7344166509292102
2.195,1.270109176307028,0.7412399822061017,0.7402360193603413
2.2,1.2730023634967937,0.7475128666200854,0.7522133446594139
2.205,1.275895550686559,0.7536585187908188,0.7583537233884851
2.21,1.2787887378763243,0.7600854211834749,0.7615967425290625
2.215,1.2816819250660898,0.7664453592375763,0.7645809883468291
2.22,1.2845751122558555,0.7729978197650199,0.777254156828894
2.225,1.2874682994456208,0.7795904588955964,0.7836785480588545
2.23,1.290361486635386,0.7861981650023468,0.7869731177822004
2.235,1.2932546738251516,0.7929414738946674,0.7901412763726368
2.24,1.296147861014917,0.7995893586045507,0.8031547911053988
2.245,1.2990410482046826,0.8064347881131653,0.809685237106543
2.25,1.3019342353944479,0.8130291013522047,0.812942207150986
2.255,1.3048274225842134,0.8198477451253973,0.8162136741775312
2.26,1.3077206097739786,0.8264571253406107,0.8227296391404633
2.265,1.3106137969637444,0.8331887154736857,0.835676189534672
2.27,1.3135069841535096,0.8397478724349835,0.8387938697689512
2.275,1.3164001713432751,0.8463405115655601,0.8420836722691479
2.28,1.3192933585330404,0.8528645122491189,0.8484304685718097
2.285,1.3221865457228061,0.859264628906353,0.8608988098833246
2.29,1.3250797329125714,0.8656613973466614,0.86378791053673
2.295,1.327972920102337,0.871848902228988,0.8669978381333389
2.3,1.3308661072921022,0.8780816080398414,0.8729877982169347
2.305,1.333759294481868,0.8839778180494602,0.884608287296941
2.31,1.3366524816716332,0.8899075102283601,0.8902151276585885
2.315,1.3395456688613987,0.8955542780768694,0.8902151276585885
2.32,1.342438856051164,0.9011474744545371,0.8956707960259518
2.325,1.3453320432409297,0.9065263849488321,0.9061004917556336
2.33,1.348225230430695,0.9117228176205722,0.9110516675374207
2.335,1.3511184176204605,0.9167836475067397,0.9131203793100697
2.34,1.3540116048102258,0.9215699236048387,0.9158131668302556
2.345,1.3569047919999915,0.9262339897850784,0.9247328167255595
2.35,1.3597979791897568,0.9305464931879147,0.9288687853908829
2.355,1.3626911663795223,0.9347401348898153,0.9304632660814258
2.36,1.3655843535692875,0.9385939325735604,0.9327875384830241
2.365,1.3684775407590533,0.9423020828209503,0.939922253934189
2.37,1.3713707279488185,0.9457423757141283,0.9431255767743109
2.375,1.374263915138584,0.948939922880051,0.9441946225795894
2.38,1.3771571023283493,0.9518880278848616,0.9460780344611273
2.385,1.3800502895181146,0.9544946147630489,0.9487754417234788
2.39,1.3829434767078803,0.9569103532763616,0.953378151828519
2.395,1.3858366638976458,0.9589929442053707,0.953890899363211
2.4,1.388729851087411,0.9608009813463089,0.9552737448421176
2.405,1.3916230382771764,0.962352879892283,0.956898885633384
2.41,1.394516225466942,0.9635800013962732,0.9593175538365072
2.415,1.3974094126567074,0.9645760959322536,0.9592596057678234
2.42,1.4003025998464729,0.9652139312569736,0.9601074819151669
2.425,1.4031957870362382,0.9655755386851622,0.9606144019580156
2.43,1.4060889742260039,0.9656709628676019,0.9607753674868131
2.435,1.4089821614157692,0.9654499805503748,0.9604324263679969
2.44,1.4118753486055347,0.9649577926620073,0.9604324263679969
2.445,1.4147685357953,0.9641458500570497,0.9598057238645609
2.45,1.4176617229850657,0.9630493090132383,0.9577137579281547
2.455,1.420554910174831,0.9616849106152151,0.9562527634717677
2.46,1.4234480973645964,0.9600225209106273,0.9549509288986205
2.465,1.4263412845543617,0.9581006443941473,0.9545194752737378
2.47,1.4292344717441274,0.9558807765711027,0.950246648241496
2.475,1.4321276589338927,0.9533963996107746,0.9477179911122988
2.48,1.4350208461236582,0.950650861730089,0.945920150089098
2.485,1.4379140333134235,0.9476357923867235,0.944932609450173
2.49,1.4408072205031892,0.9443763032076422,0.938614524107666
2.495,1.4437004076929545,0.9408489566743441,0.935095882938381
2.5,1.44659359488272,0.9371056501492127,0.9328552481984415
2.505,1.4494867820724853,0.9331329907645368,0.9313455451577015
2.51,1.4523799692622508,0.9289142374356772,0.9273696212615204
2.515,1.4552731564520163,0.9244862205488361,0.9187713164858492
2.52,1.4581663436417818,0.9198472659955552,0.9161516317019173
2.525,1.461059530831547,0.9150023961012211,0.914165174458458
2.53,1.4639527180213125,0.9099633296250818,0.9093643336167231
2.535,1.466845905211078,0.9047200219163569,0.899214799938464
2.54,1.4697390924008435,0.8993260444458857,0.8962876970229294
2.545,1.4726322795906088,0.8937730266713507,0.8938832667136939
2.55,1.4755254667803743,0.8880425533996499,0.8883936139445148
2.555,1.4784186539701398,0.8821664326915938,0.8769757756940553
2.56,1.4813118411599053,0.8761480127641134,0.8710665913438393
2.565,1.4842050283496706,0.8700090570272367,0.8710665913438393
2.57,1.487098215539436,0.8637579360232812,0.8650368711842276
2.575,1.4899914027292016,0.8573795827760776,0.8526565879779104
2.58,1.492884589918967,0.8509275687564625,0.8463267001707333
2.585,1.4957777771087324,0.8443684117951645,0.8430038539582388
2.59,1.4986709642984977,0.8377456387122402,0.8399180455603329
2.595,1.5015641514882634,0.8310559012907611,0.8269023544865677
2.6,1.5044573386780289,0.8243360299169341,0.8203168303169633
2.605,1.5073505258677942,0.8175458459876264,0.8169548856998933
2.61,1.5102437130575594,0.8107305504313598,0.8136943083503081
2.615,1.5131369002473252,0.803891817356602,0.8003794540940559
2.62,1.5160300874370904,0.7970497360649134,0.7937078807494105
2.625,1.518923274626856,0.7901942619055163,0.7903906906319401
2.63,1.5218164618166212,0.7833655734815411,0.7870412460247331
2.635,1.5247096490063867,0.7765469297083486,0.7803882552840362
2.64,1.5276028361961522,0.7697600939959668,0.7671670673963356
2.645,1.5304960233859177,0.763025155645966,0.7639725415975938
2.65,1.533389210575683,0.7563320700075609,0.7606183736129356
2.655,1.5362823977654485,0.7497159933584907,0.7541220794244534
2.66,1.539175584955214,0.7431635328310471,0.741329379598071
2.665,1.5420687721449795,0.7366964518352581,0.7383306208543119
2.67,1.5449619593347448,0.7303264691303717,0.7350525610291975
2.675,1.5478551465245103,0.7240468882825337,0.7288669813716029
2.68,1.5507483337142758,0.7178677539425242,0.7168059506493387
2.685,1.5536415209040413,0.7118108295203763,0.7109466547313451
2.69,1.5565347080938066,0.7058794632330134,0.7109466547313451
2.695,1.559427895283572,0.7000820256227602,0.705213754002371
2.7,1.5623210824733376,0.694410146147292,0.694158695056024
2.705,1.565214269663103,0.6888889364335703,0.6888523571636346
2.71,1.5681074568528683,0.6835334634577666,0.6865352993723208
2.715,1.5710006440426338,0.6783554459791287,0.6837038876993845
2.72,1.5738938312323993,0.6733381429130224,0.6739070049690318
2.725,1.5767870184221648,0.6684932730186883,0.6692717334543701
2.73,1.5796802056119301,0.6638459479230854,0.667346907318215
2.735,1.5825733928016956,0.6593610113484769,0.6648208649869995
2.74,1.5854665799914611,0.6551020794164845,0.6564939331933157
2.745,1.5883597671812266,0.6510574333678625,0.6526282493394782
2.75,1.591252954370992,0.6471986133587261,0.6511324493709331
2.755,1.5941461415607574,0.6435892355107018,0.6489685645321152
2.76,1.5970393287505227,0.640194143546048,0.6455198173911951
2.765,1.5999325159402884,0.6370150115732299,0.6392702030848589
2.77,1.6028257031300537,0.6340702547853452,0.6382321681458866
2.775,1.6057188903198192,0.6313414579892989,0.6364768694075298
2.78,1.6086120775095845,0.628850384595114,0.6339099588999341
2.785,1.6115052646993502,0.626588664060476,0.6294666239206508
2.79,1.6143984518891155,0.6245629928192367,0.62890682596618
2.795,1.6172916390788807,0.6227683485460072,0.6275970632936647
2.8,1.6201848262686462,0.6212164500000329,0.6259635519600795
2.805,1.623078013458412,0.6199139936151707,0.6234134662425455
2.81,1.6259712006481772,0.6188559570660294,0.6224968081531738
2.815,1.6288643878379425,0.6180406662441409,0.6224968081531738
2.82,1.631757575027708,0.6174714693664385,0.6218216402097096
2.825,1.6346507622174737,0.6171550628667741,0.6211935984195026
2.83,1.637543949407239,0.6170747056605108,0.621242231270377
2.835,1.6404371365970043,0.6172655540253877,0.62177265260728
2.84,1.6433303237867698,0.6177108668767655,0.62153185203462
2.845,1.6462235109765353,0.6183872066961555,0.6228322157839025
2.85,1.6491166981663008,0.619306292242801,0.6238402801953997
2.855,1.652009885356066,0.6204798422759472,0.6248378654851079
2.86,1.6549030725458316,0.6218609817586097,0.6250840590786048
2.865,1.657796259735597,0.6235116527039496,0.6282718127100131
2.87,1.6606894469253626,0.6253715872072685,0.6302100954894394
2.875,1.6635826341151279,0.6274792897632341,0.6316499722633473
2.88,1.6664758213048934,0.6298230416126008,0.6323747177331759
2.885,1.6693690084946586,0.6323810793453379,0.6347608245266776
2.89,1.6722621956844244,0.6351734922630132,0.6401816714379931
2.895,1.6751553828741896,0.6381651240878827,0.6420257776443836
2.9,1.6780485700639551,0.6413777382299792,0.643207706191795
2.905,1.6809417572537204,0.64478957127927,0.6464382332944542
2.91,1.6838349444434861,0.6484207125373249,0.6534921730122392
2.915,1.6867281316332514,0.6522309834010112,0.6556953515682868
2.92,1.689621318823017,0.6562371249549632,0.6573045365115038
2.925,1.6925145060127822,0.6604475077415056,0.6613002985929811
2.93,1.695407693202548,0.664796841530544,0.6698131401315737
2.935,1.6983008803923132,0.6693504165521702,0.6743170778372478
2.94,1.7011940675820787,0.6740429425762948,0.6743170778372478
2.945,1.704087254771844,0.6789079017721942,0.6789750335215945
2.95,1.7069804419616097,0.6839168342959833,0.6887275523776558
2.955,1.709873629151375,0.6890630437138079,0.6938063789298102
2.96,1.7127668163411405,0.6943565746764482,0.6966001191763377
2.965,1.7156600035309058,0.6997589226892391,0.6990090895082883
2.97,1.7185531907206715,0.7052868288368175,0.7097533502183244
2.975,1.7214463779104368,0.7109185297091528,0.7152756481025483
2.98,1.7243395651002023,0.716640632438534,0.7182163671002554
2.985,1.7272327522899675,0.7224598334588204,0.7208873433787408
2.99,1.7301259394797333,0.728332605949948,0.7323375756279755
2.995,1.7330191266694985,0.734287409755802,0.7381572788807995
3.0,1.7359123138592638,0.7403058296832824,0.7411649662030323
3.005,1.7388055010490293,0.7463661023223587,0.7440273727983847
3.01,1.7416986882387946,0.7524749241068874,0.7499385660787571
3.015,1.7445918754285603,0.7586038351929815,0.7618424817216904
3.02,1.7474850626183256,0.7647494873637147,0.7648375773566918
3.025,1.750378249808091,0.7708934654259827,0.7678151147826855
3.03,1.7532714369978564,0.7770307470543963,0.7737879989599501
3.035,1.756164624187622,0.783156309923562,0.7856940909438863
3.04,1.7590578113773874,0.7892416941895948,0.7885950897253027
3.045,1.7619509985671529,0.7953019668286734,0.7916082139140703
3.05,1.7648441857569181,0.8013187126476885,0.797481907164853
3.055,1.7677373729466839,0.8072869093212558,0.8090674073779655
3.06,1.7706305601364491,0.8131898157647314,0.8147585391007668
3.065,1.7735237473262147,0.8190039944596239,0.8147585391007668
3.07,1.77641693451598,0.8247394900567185,0.8203688950901885
3.075,1.7793101217057457,0.8303762132544451,0.8313081057308379
3.08,1.782203308895511,0.8359024452935582,0.8366183777781172
3.085,1.7850964960852764,0.8413198602825229,0.8390162073168381
3.09,1.7879896832750417,0.8466150653536286,0.841809202186502
3.095,1.7908828704648074,0.8517612747714532,0.851799277033581
3.1,1.7937760576545727,0.856766859078314,0.8565801959845963
3.105,1.7966692448443382,0.8616150771895764,0.8586378745852741
3.11,1.7995624320341035,0.8662975585629161,0.8612054228484751
3.115,1.8024556192238692,0.8708109549814119,0.8699595871221295
3.12,1.8053488064136345,0.875140199468885,0.874072034563536
3.125,1.8082419936034,0.879286966133801,0.8757313191955193
3.13,1.8111351807931653,0.8832361879999833,0.877999074492573
3.135,1.8140283679829308,0.886972798091258,0.8817324200723448
3.14,1.8169215551726963,0.8905068410584103,0.8885906565107076
3.145,1.8198147423624618,0.8938383169014401,0.8898007658839269
3.15,1.822707929552227,0.8969370916679948,0.8917027404395507
3.155,1.8256011167419925,0.8997914465988311,0.8945964369192865
3.16,1.828494303931758,0.9024348638632229,0.8997068204159844
3.165,1.8313874911215235,0.9048422318342161,0.9004333476155353
3.17,1.8342806783112888,0.9069884388848516,0.9019144672472414
3.175,1.837173865501054,0.9089170118351859,0.9038847254983269
3.18,1.8400670526908198,0.9105693568889911,0.9070996833922724
3.185,1.8429602398805853,0.9119772821070731,0.9083397792368568
3.19,1.8458534270703506,0.913122372296337,0.9083397792368568
3.195,1.8487466142601159,0.9140029533483124,0.9093307677420231
3.2,1.8516398014498816,0.9146407886730326,0.9105614048737868
3.205,1.854532988639647,0.9150057443181494,0.9108012209112311
3.21,1.8574261758294124,0.9151145613682976,0.9103911839167678
3.215,1.8603193630191777,0.9149638916065536,0.910788999919445
3.22,1.8632125502089434,0.9145453644905953,0.9100126321193424
3.225,1.8661057373987087,0.9138740469965966,0.9092503268303359
3.23,1.8689989245884742,0.9129482650160969,0.9083531561606775
3.235,1.8718921117782394,0.9117747149829506,0.9082423461242619
3.24,1.8747852989680052,0.9103266111617333,0.9054977290032303
3.245,1.8776784861577704,0.9086525026978999,0.9037691283088993
3.25,1.880571673347536,0.9067356485068112,0.9024184416563885
3.255,1.8834648605373012,0.9045877673477127,0.9018073243055562
3.26,1.8863580477270667,0.9021904440275046,0.8996170882023232
3.265,1.8892512349168322,0.8995738124985323,0.8945724134628309
3.27,1.8921444221065977,0.896729502218481,0.8928161541050937
3.275,1.895037609296363,0.8936709060550568,0.8917296935858186
3.28,1.8979307964861285,0.8904097427675102,0.8886811420731782
3.285,1.900823983675894,0.8869359677050559,0.8819927439384709
3.29,1.9037171708656595,0.8832713442777248,0.8798895654613297
3.295,1.9066103580554248,0.8794309394616907,0.8783677131763096
3.3,1.9095035452451903,0.875404708606171,0.8745647246844426
3.305,1.9123967324349558,0.8712010222534854,0.8664562640452889
3.31,1.9152899196247213,0.8668433179221273,0.8621687885639885
3.315,1.9181831068144866,0.8623416402628795,0.8621687885639885
3.32,1.921076294004252,0.8576909669503507,0.8577371723439523
3.325,1.9239694811940176,0.8529030167437863,0.8484787666009913
3.33,1.926862668383783,0.8479928566193629,0.8436707270928618
3.335,1.9297558555735483,0.8429621606855431,0.8410506476976494
3.34,1.9326490427633138,0.8378259959185036,0.838756381697279
3.345,1.9355422299530793,0.8325927328605613,0.8286477799709603
3.35,1.9384354171428448,0.8272707420540337,0.8234727758875586
3.355,1.9413286043326101,0.8218834610174192,0.820753198645979
3.36,1.9442217915223756,0.8164409344014955,0.8182308074656035
3.365,1.9471149787121411,0.8109414880978043,0.8075867421471278
3.37,1.9500081659019066,0.8054035372994433,0.8022048182575963
3.375,1.952901353091672,0.7998287561148777,0.7994689822340548
3.38,1.9557945402814374,0.7942489526049209,0.7967972805085682
3.385,1.9586877274712027,0.7886490597933988,0.7913738387291336
3.39,1.9615809146609684,0.7830525151988027,0.7805230210153745
3.395,1.9644741018507337,0.7774777340142396,0.7778526545906865
3.4,1.967367289040499,0.7719046269381369,0.7751156506771928
3.405,1.9702604762302645,0.7663616538143846,0.7697335593768151
3.41,1.9731536634200302,0.7608739262699391,0.7590838020895625
3.415,1.9760468506097955,0.7554297255455523,0.7565540089581935
3.42,1.9789400377995607,0.7500524891597203,0.753834635001213
3.425,1.9818332249893262,0.7447522617632234,0.7486483306856805
3.43,1.9847264121790917,0.7395240210306725,0.7385008059375775
3.435,1.9876195993688572,0.7344029232398069,0.7335575821709936
3.44,1.9905127865586225,0.7293688790890588,0.7335575821709936
3.445,1.993405973748388,0.7244453260969268,0.7287126285712368
3.45,1.9962991609381535,0.7196289160464775,0.7193501769872486
3.455,1.999192348127919,0.7149414123477441,0.714850340847311
3.46,2.0020855353176845,0.7103878373261179,0.7128809037065673
3.465,2.00497872250745,0.7059581463308138,0.7104812525783987
3.47,2.0078719096972155,0.7016774509887932,0.702169555171736
3.475,2.010765096886981,0.6975474254085141,0.698240422607119
3.48,2.013658284076746,0.6935797883492296,0.6966188532472424
3.485,2.0165514712665114,0.6897845844617196,0.6944735948580709
3.49,2.019444658456277,0.6861534432036648,0.6874523002553306
3.495,2.0223378456460424,0.6826980833343128,0.6842164160055871
3.5,2.025231032835808,0.6794352459383032,0.6830026913552805
3.505,2.0281242200255734,0.676364931015631,0.6811713801207206
3.51,2.0310174072153386,0.6734921608916947,0.6783239727400097
3.515,2.0339105944051044,0.6708403730849809,0.6732308325604894
3.52,2.0368037815948696,0.6684078934870312,0.6724629827836895
3.525,2.039696968784635,0.6661696104708869,0.6710022593734344
3.53,2.0425901559744006,0.6641874660497087,0.6689899809999067
3.535,2.045483343164166,0.6624179334034357,0.6656341468787296
3.54,2.0483765303539316,0.660927976870625,0.6653368610893056
3.545,2.051269717543697,0.6597276411020567,0.6642960319835876
3.55,2.054162904733462,0.6587281983491481,0.6631819965063298
3.555,2.057056091923228,0.6579932647335253,0.6616394729677537
3.56,2.059949279112993,0.6573939339034727,0.661228646750729
3.565,2.0628424663027585,0.6570892461630539,0.661228646750729
3.57,2.065735653492524,0.6571059872476931,0.6610684345707402
3.575,2.0686288406822895,0.6573018579379614,0.6615038701821832
3.58,2.071522027872055,0.6578057645855743,0.6620593393704832
3.585,2.0744152150618205,0.6584419258018315,0.6628564701015099
3.59,2.0773084022515858,0.6593911453008247,0.6628783969364136
3.595,2.0802015894413515,0.6604173737891553,0.6652109322590725
3.6,2.0830947766311168,0.6617164819570891,0.6667100963884351
3.605,2.085987963820882,0.6632332242253242,0.6679307725748392
3.61,2.0888811510106473,0.6652756365512004,0.668427647966905
3.615,2.091774338200413,0.6676361294852039,0.6725297159358359
3.62,2.0946675253901783,0.6703933861251377,0.6748930548542293
3.625,2.097560712579944,0.6728928300616421,0.6765142455467155
3.63,2.1004538997697093,0.6752968498157069,0.6774748649271534
3.635,2.1033470869594746,0.678799084722046,0.6802369764816321
3.64,2.1062402741492403,0.6819196228986313,0.6863201844066633
3.645,2.1091334613390056,0.6853867015272288,0.6882385054356446
3.65,2.112026648528771,0.6887114809364019,0.6896295620179692
3.655,2.1149198357185366,0.6923442963029223,0.6930997377472262
3.66,2.117813022908302,0.6963688530499765,0.7005987392001212
3.665,2.1207062100980676,0.7001556863951668,0.7028081119574849
3.67,2.123599397287833,0.7043727656155634,0.704566711081099
3.675,2.126492584477598,0.7089380593964376,0.7086696161042617
3.68,2.129385771667364,0.713047995675149,0.717371883015537
3.685,2.132278958857129,0.7174542491519571,0.7219134044562242
3.69,2.1351721460468944,0.722042980451325,0.7219134044562242
3.695,2.13806533323666,0.7266049260152708,0.7265810699696612
3.7,2.1409585204264254,0.7311199965422296,0.7362554916658848
3.705,2.143851707616191,0.7365524785073683,0.7412463438182647
3.71,2.1467448948059564,0.741936411327057,0.7439407974749693
3.715,2.1496380819957217,0.7469955671047616,0.7463193946962188
3.72,2.1525312691854874,0.7524514865883939,0.7567054799004178
3.725,2.1554244563752527,0.7582539465240409,0.761983776476038
3.73,2.158317643565018,0.7639810715788133,0.7647453419522796
3.735,2.1612108307547837,0.769629513535788,0.7673302092661362
3.74,2.164104017944549,0.7752729331673713,0.778170898623689
3.745,2.1669972051343147,0.7809247233412718,0.7836437266028067
3.75,2.16989039232408,0.7866618930468294,0.7863980216651483
3.755,2.1727835795138453,0.7921613393505205,0.7891619229212944
3.76,2.1756767667036105,0.7978298706090603,0.7946721672245787
3.765,2.1785699538933763,0.8033410356719994,0.8057241290702672
3.77,2.1814631410831415,0.8089091204227107,0.8084646047658369
3.775,2.1843563282729073,0.8145039909088415,0.8112652606747094
3.78,2.1872495154626725,0.8199766514771131,0.8167728264044515
3.785,2.1901427026524383,0.8255062317331545,0.8276634878996496
3.79,2.1930358898422035,0.830804785021186,0.830270903860125
3.795,2.195929077031969,0.8360614855976243,0.8330208023947628
3.8,2.198822264221734,0.8414839229119804,0.8383093110320126
3.805,2.2017154514115,0.8467573645730555,0.848666936392326
3.81,2.204608638601265,0.8521965429720485,0.8537202327904069
3.815,2.2075018257910304,0.8577746723735423,0.8537202327904069
3.82,2.210395012980796,0.8632741186772335,0.8586904934086818
3.825,2.213288200170562,0.8684052611188842,0.8683321862844373
3.83,2.216181387360327,0.8734426534865581,0.8729826084806968
3.835,2.2190745745500924,0.8779811615320104,0.8750377599747887
3.84,2.2219677617398577,0.8824192230696317,0.8775143363868703
3.845,2.2248609489296234,0.8866948960862635,0.8862205374530356
3.85,2.2277541361193887,0.8909772655367495,0.8903661322420261
3.855,2.230647323309154,0.8949984740668755,0.8920893518734377
3.86,2.2335405104989197,0.8988957985706794,0.8943559512384569
3.865,2.236433697688685,0.902746248037496,0.9018035575615124
3.87,2.2393268848784507,0.9064426795256404,0.9052414229974174
3.875,2.242220072068216,0.9098042893210181,0.9065857759395735
3.88,2.245113259257981,0.9129850954023014,0.9084948016806079
3.885,2.2480064464477465,0.9161407898566283,0.9115465339993298
3.89,2.250899633637512,0.9190303010652038,0.9170864100224241
3.895,2.2537928208272775,0.9219599908769122,0.9180031159434664
3.9,2.256686008017043,0.9243958186917901,0.9195685269363263
3.905,2.2595791952068085,0.9265537445016713,0.9218447285091773
3.91,2.262472382396574,0.9286078755867955,0.9257751166551422
3.915,2.2653655695863395,0.930315466219905,0.9262458679832271
3.92,2.268258756776105,0.9320314273953342,0.9274208489805137
3.925,2.27115194396587,0.9334728347826947,0.9288373121517631
3.93,2.274045131155636,0.9344772998609948,0.9310132346276305
3.935,2.276938318345401,0.9352708272728503,0.9317740332190196
3.94,2.279831505535167,0.9359270777906751,0.9317740332190196
3.945,2.282724692724932,0.9363372343643137,0.9323085760515216
3.95,2.285617879914698,0.9365012969937687,0.932667756022437
3.955,2.288511067104463,0.9363740647505182,0.932510055005144
3.96,2.2914042542942283,0.9361279708063346,0.9319575274645734
3.965,2.2942974414839936,0.9356608945449237,0.9314651801373047
3.97,2.2971906286737593,0.9347719429506286,0.9306936473218845
3.975,2.3000838158635246,0.933755759113083,0.929645320601832
3.98,2.3029770030532903,0.9325520751275864,0.9286836090649204
3.985,2.3058701902430556,0.9313567616844095,0.9273452789272616
3.99,2.3087633774328213,0.9297211577152437,0.9253020973086862
3.995,2.3116565646225866,0.9278160222834005,0.9234600757659303
4.0,2.314549751812352,0.9257233867036088,0.9221451791607926
4.005,2.317442939002117,0.9233997241558097,0.920029185781958
4.01,2.3203361261918825,0.920906976653162,0.9177308740194667
4.015,2.323229313381648,0.918268581714159,0.9168110191801233
4.02,2.3261225005714135,0.9154510571695272,0.914233812905475
4.025,2.329015687761179,0.9125063003816449,0.9085902258630465
4.03,2.331908874950945,0.9094493783266862,0.9055327178701245
4.035,2.33480206214071,0.9063723669701597,0.9023180110924484
4.04,2.3376952493304755,0.9029889937647538,0.9004288036068476
4.045,2.3405884365202407,0.8994968035091974,0.8970222320412986
4.05,2.343481623710006,0.8958472470580402,0.8934932911189887
4.055,2.3463748108997717,0.8920654360382412,0.8918817863397577
4.06,2.349267998089537,0.8881095177382022,0.8881711249296711
4.065,2.3521611852793027,0.8841167690519587,0.8804442773148484
4.07,2.355054372469068,0.8799482389770146,0.8764416513886694
4.075,2.3579475596588337,0.8757077222381244,0.8742680686786787
4.08,2.360840746848599,0.8714019152691449,0.8701572554860105
4.085,2.3637339340383643,0.8670626261308891,0.8659735787154403
4.09,2.3666271212281296,0.862644653894833,0.8617183935976291
4.095,2.3695203084178953,0.8581831548387181,0.8574099558867778
4.1,2.3724134956076606,0.8537082629148898,0.8553056135056568
4.105,2.3753066827974263,0.8491864959540768,0.8465014770943574
4.11,2.3781998699871916,0.8446195280647396,0.8420634155567353
4.115,2.3810930571769573,0.8400190780061262,0.8398289471163041
4.12,2.3839862443667226,0.8353985386459452,0.8353915233342871
4.125,2.386879431556488,0.8307964144788664,0.8309581652442537
4.13,2.389772618746253,0.8261792233356138,0.8265358084384113
4.135,2.392665805936019,0.8215921661447113,0.8221347367258949
4.14,2.395558993125784,0.8170134794961261,0.8198883422556452
4.145,2.3984521803155494,0.8125118018368783,0.8155160731806517
4.15,2.401345367505315,0.8080971778177506,0.8068916523129446
4.155,2.404238554695081,0.8037327770525383,0.8048716491246479
4.16,2.407131741884846,0.7993482869857583,0.8006819136758277
4.165,2.4100249290746114,0.7951395783076814,0.7965581062127021
4.17,2.4129181162643767,0.7909308696296045,0.792508756716492
4.175,2.415811303454142,0.786847719086315,0.7885428734851213
4.18,2.4187044906439077,0.7828382293154321,0.7864301964354341
4.185,2.421597677833673,0.7789794093062983,0.7825902101465164
4.19,2.4244908650234387,0.7751992723949622,0.7752219565646465
4.195,2.4273840522132044,0.7714961444729612,0.7717053243255183
4.2,2.4302772394029697,0.7679068559265045,0.7702010222775606
4.205,2.433170426592735,0.7644715853587178,0.7668744093210224
4.21,2.4360636137825002,0.7612020515288515,0.763674231413229
4.215,2.4389568009722655,0.7580195713391027,0.7606099751688087
4.22,2.4418499881620312,0.7549827385857091,0.7576832349767747
4.225,2.4447431753517965,0.7521149907871643,0.756020853244133
4.23,2.4476363625415622,0.7493794975572587,0.7507443144824
4.235,2.450529549731328,0.7468231339329869,0.7483376998602163
4.24,2.4534227369210933,0.7444174400704567,0.7474780292201477
4.245,2.4563159241108585,0.7421791570543124,0.7453204222880692
4.25,2.459209111300624,0.7401149813184055,0.7433291101300646
4.255,2.462102298490389,0.7382383057304497,0.7415078395603152
4.26,2.464995485680155,0.7365290409888747,0.7398576469316795
4.265,2.46788867286992,0.7349989058529312,0.7387904267018209
4.27,2.4707818600596854,0.7336780342749667,0.737397819576181
4.275,2.473675047249451,0.7325429887364879,0.7351523378936414
4.28,2.476568234439217,0.731612184430597,0.7350213867380169
4.285,2.479461421628982,0.7308471168626239,0.7342656463457723
4.29,2.4823546088187474,0.7302846164187758,0.7336923040566345
4.295,2.4852477960085126,0.7298895268213111,0.7333016787484068
4.3,2.4881409831982784,0.7296785891548689,0.7330953648101021
4.305,2.4910341703880436,0.7296601739617667,0.7327443839846869
4.31,2.493927357577809,0.7298175401573674,0.732814780245591
4.315,2.4968205447675746,0.730167428826308,0.7335090330255427
4.32,2.4997137319573404,0.7307249069447648,0.7341298761493553
4.325,2.5026069191471056,0.7314631887773159,0.7348177035415839
4.33,2.505500106336871,0.7324023636255265,0.7357049810274157
4.335,2.508393293526636,0.7335089493201205,0.7367681196214004
4.34,2.511286480716402,0.7347829458610977,0.7380066410068346
4.345,2.514179667906167,0.7362143085976733,0.7394177550029448
4.35,2.5170728550959325,0.7378465643499108,0.7398941664120265
4.355,2.519966042285698,0.7396462309485317,0.7434044370389923
4.36,2.522859229475464,0.7416400941289578,0.7454065870563138
4.365,2.525752416665229,0.7437729083118824,0.7467427767267223
4.37,2.5286456038549945,0.7460948967512184,0.748979545073305
4.375,2.5315387910447598,0.7485742513861552,0.7513678600955899
4.38,2.5344319782345255,0.7511758159389537,0.7539058085267614
4.385,2.5373251654242908,0.7539380949042787,0.7565872519691184
4.39,2.540218352614056,0.756856065956739,0.7577411671015682
4.395,2.5431115398038213,0.7599180103370916,0.7606384629145013
4.4,2.5460047269935875,0.7631172316114773,0.7668259677968295
4.405,2.5488979141833528,0.766426944044474,0.7686541460569785
4.41,2.551791101373118,0.7698605405037978,0.7719787660272504
4.415,2.5546842885628833,0.7734665701348937,0.7754127610838258
4.42,2.5575774757526486,0.7771395641045445,0.7789517466569189
4.425,2.5604706629424143,0.7808795224127476,0.7825882291181675
4.43,2.5633638501321796,0.7847601058319146,0.784288928004768
4.435,2.566257037321945,0.7887126759150253,0.7880725805438777
4.44,2.569150224511711,0.7927288621197599,0.7958736748690718
4.445,2.5720434117014763,0.7968187090969061,0.799877305260329
4.45,2.5749365988912416,0.8009922614972415,0.8019948133087262
4.455,2.577829786081007,0.8052177112599577,0.80606879611519
4.46,2.580722973270772,0.8094632503242392,0.8101906903114996
4.465,2.583616160460538,0.8137539903170449,0.814351886196984
4.47,2.586509347650303,0.8180916053468352,0.8185421796819592
4.475,2.5894025348400684,0.8224610284374412,0.8206123104608297
4.48,2.592295722029834,0.8268488667211471,0.829096189922998
4.485,2.5951889092196,0.8312166157032902,0.8333465839018246
4.49,2.598082096409365,0.8355994316616047,0.835456733844926
4.495,2.6009752835991304,0.8399906181622389,0.8396838577161053
4.5,2.6038684707888957,0.844344974276671,0.8438947985388007
4.505,2.6067616579786614,0.8486708705472158,0.8480799899789334
4.51,2.6096548451684267,0.852986722166978,0.8522321775664934
4.515,2.612548032358192,0.8572456540989705,0.8543706239286062
4.52,2.6154412195479573,0.8614627333193671,0.8584728593083832
4.525,2.6183344067377234,0.8656078258758175,0.8665089984618992
4.53,2.6212275939274887,0.8697093916122093,0.8683521679647445
4.535,2.624120781117254,0.873720555491555,0.8722191990772983
4.54,2.6270139683070193,0.8776597327069547,0.8760061918613908
4.545,2.629907155496785,0.8814984634145234,0.8797050149330545
4.55,2.6328003426865503,0.8852484663735116,0.8833069788721679
4.555,2.6356935298763156,0.8888812817400294,0.8852550791019427
4.56,2.638586717066081,0.8924136505987164,0.8887131175448368
4.565,2.641479904255847,0.8957986979125876,0.895279640583377
4.57,2.6443730914456123,0.8990715799593824,0.8983750671330049
4.575,2.6472662786353776,0.9022038368952155,0.8996361531089478
4.58,2.650159465825143,0.9052155580216502,0.902518489566965
4.585,2.6530526530149086,0.9080565200847757,0.9052578093305002
4.59,2.655945840204674,0.9107434641692287,0.9078490103547113
4.595,2.658839027394439,0.9132747161665439,0.9102861934002503
4.6,2.6617322145842044,0.9156318608836216,0.9117255798995366
4.605,2.6646254017739706,0.9178316394050985,0.9159697796770466
4.61,2.667518588963736,0.9198556365378748,0.9178375824901457
4.615,2.670411776153501,0.9217072004988741,0.9184017131967596
4.62,2.6733049633432664,0.9233712643119248,0.92000160285203
4.625,2.6761981505330317,0.9248578726278073,0.9214223629016697
4.63,2.6790913377227974,0.9261368914941759,0.922662000359413
4.635,2.6819845249125627,0.9272351066464501,0.9237160509360226
4.64,2.684877712102328,0.9281357769999933,0.924499027478585
4.645,2.6877708992920932,0.9288405766632681,0.9252769019763052
4.65,2.6906640864818594,0.9293428092024182,0.9262630355669265
4.655,2.6935572736716247,0.9296709344613282,0.9260583678352777
4.66,2.69645046086139,0.9297697068606962,0.9261683806771869
4.665,2.6993436480511552,0.9296843273290392,0.9260881829098241
4.67,2.702236835240921,0.9293963806732596,0.9258167381803313
4.675,2.7051300224306862,0.9289075410018205,0.9253560394749742
4.68,2.7080232096204515,0.9282362235078242,0.9253809478173327
4.685,2.710916396810217,0.927350620130455,0.9246352162021179
4.69,2.713809583999983,0.9263009541236332,0.9225876141400032
4.695,2.7167027711897482,0.9250370022334385,0.921290347491379
4.7,2.7195959583795135,0.9235922466291496,0.9202702574007499
4.705,2.722489145569279,0.9219650132023034,0.9187150903572994
4.71,2.7253823327590445,0.920141909085189,0.9169870118253701
4.715,2.72827551994881,0.9181714834232565,0.9150919210443105
4.72,2.731168707138575,0.9160068611795211,0.9130331662310487
4.725,2.7340618943283403,0.9136965914994306,0.9122150055089383
4.73,2.7369550815181065,0.9112222591898851,0.9074573566655705
4.735,2.739848268707872,0.9085872124678105,0.9048569639886983
4.74,2.742741455897637,0.9058316299363421,0.9032665768919467
4.745,2.7456346430874023,0.9028952436907771,0.9004682647349237
4.75,2.748527830277168,0.8998684555881685,0.897540089592778
4.755,2.7514210174669333,0.8966843012899568,0.894489305935519
4.76,2.7543142046566986,0.8933812852908143,0.8913225304775517
4.765,2.757207391846464,0.8899728004584495,0.8898815615471698
4.77,2.760100579036229,0.8864504762505427,0.8865403758750512
4.775,2.7629937662259954,0.8828477948363728,0.8795723179214608
4.78,2.7658869534157606,0.8791429928059111,0.8776388462108817
4.785,2.768780140605526,0.8753427665930099,0.8740013273967746
4.79,2.7716733277952916,0.8714588349569147,0.8702927785521304
4.795,2.774566514985057,0.8675363988261543,0.8665202149886074
4.8,2.777459702174822,0.8635453242483762,0.8626939205153406
4.805,2.7803528893645875,0.8595257898267107,0.8608351937616991
4.81,2.7832460765543527,0.8554627285849888,0.8569271549637264
4.815,2.786139263744119,0.8513477699808862,0.849018080642615
4.82,2.789032450933884,0.8472428560275661,0.8450332839715756
4.825,2.7919256381236495,0.8430994375795786,0.8430307194131107
4.83,2.7948188253134147,0.838969411999302,0.8390500083639177
4.835,2.7977120125031805,0.8348343640936341,0.835073203567807
4.84,2.8006051996929457,0.8307076867302834,0.8311088350059987
4.845,2.803498386882711,0.8266077951023572,0.82716495434301
4.85,2.8063915740724763,0.8225430597521699,0.8251463821188528
4.855,2.8092847612622425,0.8185235253305045,0.8173616103511815
4.86,2.8121779484520077,0.814544169511972,0.813536607333015
4.865,2.815071135641773,0.8106284298150658,0.8117468139883582
4.87,2.8179643228315383,0.8067545428297556,0.8080198499506117
4.875,2.820857510021304,0.8029794282438133,0.804358176142955
4.88,2.8237506972110693,0.7992528628033186,0.8007703225466081
4.885,2.8266438844008346,0.7956300920875834,0.7972613114869628
4.89,2.8295370715906,0.7920910267950398,0.7953826588566291
4.895,2.8324302587803656,0.7886373410341508,0.7919953514963318
4.9,2.8353234459701313,0.7852991687572691,0.7855162169196038
4.905,2.8382166331598966,0.7820765099643899,0.7841538394096539
4.91,2.841109820349662,0.7789626682216589,0.7811380525912341
4.915,2.8440030075394276,0.7759509470952218,0.7782379386957201
4.92,2.846896194729193,0.7730815251882116,0.7754588389263062
4.925,2.849789381918958,0.7703477060667714,0.7728060944861864
4.93,2.8526825691087234,0.7677545120562951,0.7712974277983051
4.935,2.855575756298489,0.7652801797467497,0.7688349816588526
4.94,2.858468943488255,0.7629615395243394,0.7643277794416741
4.945,2.86136213067802,0.7607918949552128,0.7622918124333833
4.95,2.8642553178677854,0.7587762683647561,0.7615898866563056
4.955,2.867148505057551,0.7569062892106545,0.7597833641849281
4.96,2.8700416922473164,0.7551920021436883,0.758129504461562
4.965,2.8729348794370817,0.7536417777061795,0.7566314165447832
4.97,2.875828066626847,0.7522673346573713,0.7552921297737164
4.975,2.8787212538166123,0.7510469095872377,0.7544026600029917
4.98,2.8816144410063784,0.7500039400142703,0.752362424018118
4.985,2.8845076281961437,0.7491384259384687,0.7515890696132502
4.99,2.887400815385909,0.7484386486005852,0.7515520120266116
4.995,2.8902940025756747,0.7479180008683328,0.7510286538330371
5.0,2.89318718976544,0.747551371114753,0.7506718295718885
5.005,2.8960803769552053,0.7473621968583415,0.7504813000848141
5.01,2.8989735641449705,0.7473454557737021,0.750457703127419
5.015,2.901866751334736,0.7475028219693028,0.7502209881766057
5.02,2.9047599385245015,0.7478259249028215,0.7504492528656492
5.025,2.9076531257142673,0.7483197868996543,0.7514016531707242
5.03,2.9105463129040325,0.7489777115259396,0.7520227553827514
5.035,2.913439500093798,0.7498130916493934,0.752823138667365
5.04,2.9163326872835635,0.7508108602938367,0.7537830405727467
5.045,2.919225874473329,0.7519710174592745,0.754901424746038
5.05,2.922119061663094,0.7532985854710932,0.7561749429703114
5.055,2.9250122488528594,0.7547751491361954,0.7566061215630893
5.06,2.927905436042625,0.7564107531053588,0.7581137399401944
5.065,2.930798623232391,0.7582070714870537,0.7615722806156277
5.07,2.933691810422156,0.7601440149797076,0.7635164227746774
5.075,2.9365849976119214,0.7622182353663971,0.7647759542213325
5.08,2.939478184801687,0.7644447996232959,0.7669178564216311
5.085,2.9423713719914524,0.7668119889911562,0.7691912957155169
5.09,2.9452645591812177,0.7692963659514843,0.7715908511803447
5.095,2.948157746370983,0.7719247162397046,0.7741115802101737
5.1,2.9510509335607487,0.7746618835780706,0.7752186083477188
5.105,2.9539441207505144,0.7775145644004441,0.780733623860125
5.11,2.9568373079402797,0.7804743881645002,0.7836479955793895
5.115,2.959730495130045,0.7835447030871701,0.7853035533270546
5.12,2.9626236823198107,0.7867087680838165,0.7883486769033167
5.125,2.965516869509576,0.7899665831544349,0.7914805352418955
5.13,2.968410056699341,0.7932997331059277,0.7946943451757517
5.135,2.9713032438891065,0.7967199366975405,0.7979811781264112
5.14,2.974196431078872,0.8002037564107773,0.799539637583174
5.145,2.9770896182686375,0.8037461699202468,0.8029376592376398
5.15,2.979982805458403,0.8073622442021279,0.8098961747729861
5.155,2.9828759926481685,0.811011800653285,0.8117319861705357
5.16,2.985769179837934,0.8146981874906467,0.8152851618058458
5.165,2.9886623670276995,0.8184147082803563,0.8188691888685611
5.17,2.9915555542174648,0.8221546665885594,0.8224779289609805
5.175,2.99444874140723,0.8259130400898648,0.8261030912602356
5.18,2.9973419285969953,0.8297082439773747,0.8279099166655257
5.185,3.000235115786761,0.8334682915871455,0.8315593894112594
5.19,3.0031283029765268,0.8372567990408012,0.8388415101126645
5.195,3.006021490166292,0.8410134984336411,0.8424600955572403
5.2,3.0089146773560578,0.8447434120910617,0.8442103281245077
5.205,3.011807864545823,0.8484482141215257,0.847774505044009
5.21,3.0147010517355883,0.852131252741959,0.8513023298940099
5.215,3.0175942389253536,0.8557389564815204,0.8547864684850497
5.22,3.020487426115119,0.8593282450279796,0.8582200649443715
5.225,3.0233806133048846,0.8628371763681728,0.8600233348621623
5.23,3.0262738004946503,0.8662891880205988,0.8666655276032678
5.235,3.0291669876844156,0.8696407531651915,0.8698761328152071
5.24,3.032060174874181,0.8729253539712342,0.8713005918473578
5.245,3.0349533620639466,0.8761178788117632,0.874371385086732
5.25,3.037846549253712,0.8792149794698548,0.8773494646049901
5.255,3.040739736443477,0.8822099595116526,0.8802289311627837
5.26,3.0436329236332424,0.8850961225033022,0.8830034869235103
5.265,3.046526110823008,0.8878650979024815,0.8845470986325878
5.27,3.0494192980127734,0.8905202339261212,0.887163060518174
5.275,3.052312485202539,0.8930347448387996,0.8920275174815344
5.28,3.0552056723923045,0.8954303940505448,0.8929338200142658
5.285,3.05809885958207,0.8976803958259372,0.8950976450634955
5.29,3.0609920467718355,0.8997897724903682,0.8971258673271552
5.295,3.0638852339616007,0.9017434570676615,0.8990128267242471
5.3,3.066778421151366,0.9035531683170649,0.9007542981238873
5.305,3.0696716083411317,0.9052122098047243,0.901831264056589
5.31,3.072564795530897,0.9067138850967831,0.903353614588176
5.315,3.0754579827206627,0.9080581941932411,0.9059331646146734
5.32,3.078351169910428,0.9092267219009961,0.9069849232570768
5.325,3.0812443571001937,0.9102278387623677,0.9071686048433395
5.33,3.084137544289959,0.911059870668893,0.9079747279284005
5.335,3.0870307314797243,0.9117295140544264,0.908617505859062
5.34,3.0899239186694896,0.9122334207020418,0.9090968589158729
5.345,3.0928171058592553,0.9125515013101692,0.9094111129903697
5.35,3.0957102930490206,0.9126887782042022,0.9097944957865052
5.355,3.0986034802387863,0.9126569701433914,0.9097625203148461
5.36,3.1014966674285516,0.9124594253446578,0.9094990993480618
5.365,3.1043898546183173,0.9120927955910779,0.9090233575823657
5.37,3.1072830418080826,0.9115554067741888,0.9085171390706828
5.375,3.110176228997848,0.9108422365685942,0.9078502858659222
5.38,3.113069416187613,0.9099633296250818,0.9070257475877591
5.385,3.1159626033773784,0.9089287305944339,0.906046075258614
5.39,3.118855790567144,0.907746810018968,0.9057619033188236
5.395,3.1217489777569094,0.906389108054799,0.9045470028066195
5.4,3.124642164946675,0.9048941291965945,0.9016786690701105
5.405,3.127535352136441,0.9032317394920092,0.9006345595089978
5.41,3.130428539326206,0.9014454657610993,0.8989295996177595
5.415,3.1333217265159714,0.8995085222684429,0.8970919068411745
5.42,3.1362149137057367,0.8974276054478992,0.8951264237851836
5.425,3.139108100895502,0.895222804601031,0.8930385713724311
5.43,3.1420012880852677,0.8929125349209405,0.892148388112623
5.435,3.144894475275033,0.8904867517568451,0.8898774599814333
5.44,3.1477876624647987,0.8879354104579622,0.8850122496692638
5.445,3.150680849654564,0.8852986896274246,0.8824308581234559
5.45,3.1535740368443297,0.8825749151567696,0.8809557333944392
5.455,3.156467224034095,0.8797523682867464,0.878251968505898
5.46,3.1593604112238602,0.8768528124273859,0.8754680855694443
5.465,3.1622535984136255,0.8738678770363707,0.8726104621411315
5.47,3.1651467856033912,0.8708176514152661,0.8696867512882224
5.475,3.1680399727931565,0.8677105061063919,0.8682997085802386
5.48,3.1709331599829222,0.8645447670012848,0.8622067908261168
5.485,3.1738263471726875,0.8613187599914772,0.8590931164942333
5.49,3.1767195343624532,0.8580525743785369,0.8574685496830118
5.495,3.1796127215522185,0.8547612771386424,0.8543181167124297
5.5,3.182505908741984,0.8514532388141061,0.8511429707121432
5.505,3.185399095931749,0.8481150665372243,0.8479495689576556
5.51,3.188292283121515,0.8447701978264837,0.8447459631134839
5.515,3.19118547031128,0.8414353737665279,0.8431406206477888
5.52,3.1940786575010454,0.8381105943573547,0.8399228167694547
5.525,3.196971844690811,0.8347858149481816,0.8335191007790227
5.53,3.199865031880577,0.8314911694913587,0.8319759434708138
5.535,3.202758219070342,0.8282132651191727,0.8288305328256229
5.54,3.2056514062601074,0.8249772134585825,0.8257190029469619
5.545,3.2085445934498726,0.8217763180757339,0.8226484488659396
5.55,3.2114377806396384,0.8186206236214071,0.8196250886997072
5.555,3.2143309678294036,0.8155134783125328,0.8180336811939874
5.56,3.217224155019169,0.8124766455591392,0.8150818094451331
5.565,3.2201173422089346,0.8095117994696893,0.8093743551648093
5.57,3.2230105293987004,0.8066256364780421,0.8066308262142792
5.575,3.2259037165884656,0.8038282012349756,0.8054356642380585
5.58,3.228796903778231,0.8011127973066376,0.8028254899845904
5.585,3.231690090967996,0.798491143452274,0.8003040434797054
5.59,3.2345832781577615,0.795976632539598,0.7978764267682457
5.595,3.237476465347527,0.7935709386770678,0.7955489376868131
5.6,3.2403696525372925,0.7912707136477625,0.7942375686673672
5.605,3.243262839727058,0.7890776315601398,0.789994791882051
5.61,3.246156026916824,0.7870067593903787,0.7880452088704939
5.615,3.249049214106589,0.7850497265961571,0.7873239630845491
5.62,3.2519424012963545,0.7832400153467537,0.7855606485554286
5.625,3.2548355884861198,0.7815324247136441,0.783921616649885
5.63,3.257728775675885,0.7799721556253503,0.7824087009152837
5.635,3.2606219628656508,0.7785407928887722,0.7810246915323973
5.64,3.263515150055416,0.7772333141785188,0.7801513689364035
5.645,3.2664083372451813,0.7760999427485029,0.7789631704541978
5.65,3.2693015244349475,0.7750770624771006,0.7769950048386922
5.655,3.2721947116247128,0.7742015037505164,0.7768309701110444
5.66,3.275087898814478,0.773484985327996,0.776125532692165
5.665,3.2779810860042433,0.7728990473656543,0.7755610392620506
5.67,3.2808742731940086,0.7724821943581589,0.7751379681374047
5.675,3.2837674603837743,0.7722059664616274,0.7748550438070168
5.68,3.2866606475735396,0.7720569708083463,0.7745211747616855
5.685,3.289553834763305,0.7720486002660267,0.7744515318495901
5.69,3.2924470219530706,0.7722126628954817,0.7747403155596014
5.695,3.2953402091428363,0.7725106542020462,0.7750949754376647
5.7,3.2982333963326016,0.7729676858126721,0.7755659021485409
5.705,3.301126583522367,0.7735502755580854,0.7761277648367839
5.71,3.304019770712132,0.7742634457636776,0.7768269044190607
5.715,3.306912957901898,0.7751523973579751,0.7776616467869084
5.72,3.309806145091663,0.7761652329785923,0.77862999895406
5.725,3.3126993322814284,0.7772986044086082,0.7789373891838551
5.73,3.315592519471194,0.7785792973834421,0.7814015094317714
5.735,3.31848570666096,0.7800006154692352,0.7828230786338354
5.74,3.321378893850725,0.7815491657982809,0.7837883257283839
5.745,3.3242720810404904,0.7831931403097665,0.7853854252028808
5.75,3.3271652682302557,0.7849844363660677,0.787098596197537
5.755,3.3300584554200214,0.7868761789301999,0.788924410775974
5.76,3.3329516426097867,0.7888834349783345,0.7908568899793922
5.765,3.335844829799552,0.7910145750527962,0.7916865621901779
5.77,3.3387380169893173,0.7932344428758382,0.7937823785760507
5.775,3.3416312041790834,0.795551408989783,0.7982616231818834
5.78,3.3445243913688487,0.7979939332385153,0.7995859306681713
5.785,3.347417578558614,0.8004799843073088,0.801992501444657
5.79,3.3503107657483793,0.8030932676193527,0.8044776755994922
5.795,3.3532039529381445,0.8057517518599209,0.8070361916489336
5.8,3.3560971401279103,0.8084872450898241,0.8096635853037442
5.805,3.3589903273176756,0.8113097919598472,0.810897542750628
5.81,3.361883514507441,0.8141323388298704,0.8136271766009081
5.815,3.364776701697207,0.8170687250754329,0.8192403785747182
5.82,3.3676698888869723,0.8200235265141003,0.8221109723576532
5.825,3.3705630760767376,0.8230252029897522,0.8236130542189102
5.83,3.373456263266503,0.8260720803939285,0.8265214589372926
5.835,3.376349450456268,0.8291172836896418,0.8294525039796622
5.84,3.379242637646034,0.8321892727207769,0.8324016453373313
5.845,3.382135824835799,0.835278002836549,0.8353601138707276
5.85,3.3850290120255644,0.8383684070607864,0.8368405319712681
5.855,3.3879221992153306,0.841468855935804,0.8427793480412937
5.86,3.390815386405096,0.8445458672923305,0.8457328101931884
5.865,3.393708573594861,0.8476161822150003,0.8471608247128383
5.87,3.3966017607846264,0.8506463185345396,0.8500685916756154
5.875,3.3994949479743917,0.8536546914440484,0.8529464638443957
5.88,3.4023881351641574,0.8566279080758156,0.8557863895546622
5.885,3.4052813223539227,0.8595458791282783,0.8585817520920107
5.89,3.408174509543688,0.8624119528183603,0.8600549755121293
5.895,3.4110676967334532,0.8652211068206724,0.8627841908352936
5.9,3.4139608839232194,0.8679532518336496,0.8680554561553656
5.905,3.4168540711129847,0.870620106616535,0.8691975927389807
5.91,3.41974725830275,0.8732015818677658,0.871676708215566
5.915,3.4226404454925152,0.8757211151058354,0.8740733140607195
5.92,3.425533632682281,0.8781318312937545,0.876381351596191
5.925,3.4284268198720462,0.8804588420584842,0.8785968348494477
5.93,3.4313200070618115,0.8826636429053525,0.8798439420197177
5.935,3.434213194251577,0.8847746936782465,0.8819172416467523
5.94,3.437106381441343,0.8867735791840639,0.885739314975107
5.945,3.4399995686311082,0.888655277097411,0.8874796344286849
5.95,3.4428927558208735,0.8904164392013644,0.888093892725873
5.955,3.445785943010639,0.8920403244112822,0.8896479436970143
5.96,3.4486791302004045,0.8935302809440954,0.8910771540084241
5.965,3.45157231739017,0.8948745900405534,0.8923788131987798
5.97,3.454465504579935,0.8960849704599042,0.8935485366982955
5.975,3.4573586917697003,0.8971714668529329,0.8943193719685224
5.98,3.4602518789594665,0.8980939006165042,0.8961253164738826
5.985,3.463145066149232,0.8988824057029708,0.8968192344321414
5.99,3.466038253338997,0.8995168928107626,0.8968664602347116
5.995,3.4689314405287623,0.9000274958922322,0.8973453349748188
6.0,3.4718246277185276,0.9003790586696357,0.8976813524593454
6.005,3.4747178149082933,0.900588322227615,0.8978733168965315
6.01,3.4776110020980586,0.9006335231561391,0.8979222646392361
6.015,3.480504189287824,0.9005364248652366,0.898141863823993
6.02,3.483397376477589,0.9002853085956615,0.897975875969804
6.025,3.4862905636673553,0.8998918931066622,0.8972174211302644
6.03,3.4891837508571206,0.8993494819643792,0.8966975347187661
6.035,3.492076938046886,0.898653052843424,0.896041603078746
6.04,3.494970125236651,0.8978109762861161,0.8952492714586485
6.045,3.497863312426417,0.8968299487263096,0.8943229314419942
6.05,3.500756499616182,0.8957116442724701,0.893264017978894
6.055,3.5036496868059475,0.8944476923822754,0.8929082659443571
6.06,3.5065428739957127,0.8930682270080759,0.89165000602294
6.065,3.509436061185479,0.8915548329567715,0.8887651823180625
6.07,3.512329248375244,0.8899275995299253,0.8871459009064196
6.075,3.5152224355650095,0.8881597409921177,0.8861037763596284
6.08,3.5181156227547747,0.8862998064887988,0.8843246773792776
6.085,3.5210088099445405,0.8843193361760836,0.8824399501268039
6.09,3.5239019971343057,0.8822434416809288,0.8804550155248523
6.095,3.526795184324071,0.8800637524610195,0.8783758525322218
6.1,3.5296883715138363,0.8777903131671335,0.8774531477225175
6.105,3.5325815587036025,0.8754231237992732,0.8729296229478164
6.11,3.5354747458933677,0.8729872959843953,0.8705505474098627
6.115,3.538367933083133,0.8704861779394278,0.8692190372712079
6.12,3.5412611202728983,0.8678996803628057,0.8667494084092511
6.125,3.544154307462664,0.8652612854238053,0.8642197508009481
6.13,3.5470474946524293,0.862530814519291,0.8616365217218025
6.135,3.5499406818421946,0.8597702096624315,0.8590060987278669
6.14,3.55283386903196,0.8569694262024389,0.8577404368554562
6.145,3.555727056221725,0.8541485534408787,0.8550381746785597
6.15,3.5586202434114913,0.8512824797507968,0.8495476011497255
6.155,3.5615134306012566,0.8484063614099299,0.8481365907889012
6.16,3.564406617791022,0.8454867162490041,0.8453664195979608
6.165,3.5672998049807876,0.842588834498109,0.8425866820729414
6.17,3.570192992170553,0.8396926268556768,0.8398047921227543
6.175,3.573086179360318,0.8368047897555643,0.8370280839368599
6.18,3.5759793665500834,0.8339119303300604,0.8356164238625128
6.185,3.5788725537398487,0.8310609236161524,0.8328487040446804
6.19,3.581765740929615,0.8281981981429988,0.8273844977241515
6.195,3.58465892811938,0.8254024370083951,0.8246991440427396
6.2,3.5875521153091454,0.8226401580430701,0.8234458028114281
6.205,3.590445302498911,0.819916383572415,0.8208325992188348
6.21,3.5933384896886764,0.8172495287895272,0.818267944771693
6.215,3.5962316768784417,0.8146128079589897,0.8157574995509989
6.22,3.599124864068207,0.8120664889855005,0.8133062858821442
6.225,3.6020180512579723,0.8095888084590267,0.8119869688334675
6.23,3.6049112384477384,0.8071764181626422,0.8073365466372083
6.235,3.6078044256375037,0.8048661484825517,0.805125300472754
6.24,3.610697612827269,0.8025893609717398,0.8041977806082298
6.245,3.6135908000170343,0.8004414798126414,0.8021211686380203
6.25,3.6164839872068,0.7983789781851974,0.8001332046969438
6.255,3.6193771743965653,0.796405204306339,0.7982381936353351
6.26,3.6222703615863305,0.7945486180199485,0.7964400417062768
6.265,3.625163548776096,0.7927673666144298,0.7953995673521141
6.27,3.6280567359658615,0.7911133474521617,0.7937484778796586
6.275,3.6309499231556273,0.7895681453400442,0.7907659699459161
6.28,3.6338431103453925,0.7881401308203946,0.7902852217987185
6.285,3.636736297535158,0.786836000327067,0.7890208713112711
6.29,3.6396294847249235,0.7856473833177443,0.7878703601993642
6.295,3.642522671914689,0.7845893467686029,0.7868375947160805
6.3,3.645415859104454,0.7836551942457837,0.7859232923364756
6.305,3.6483090462942194,0.7828449257492889,0.7853005080440394
6.31,3.651202233483985,0.7821551930621903,0.7845654070175702
6.315,3.654095420673751,0.7815910185098768,0.783461332485672
6.32,3.656988607863516,0.7811574244177446,0.7830947864375155
6.325,3.6598817950532814,0.7808477143519345,0.783171616058088
6.33,3.662774982243047,0.7806702588547685,0.7829892976744314
6.335,3.6656681694328124,0.7806250579262443,0.7829290297697333
6.34,3.6685613566225777,0.78070541513251,0.7829889787966287
6.345,3.671454543812343,0.7809012858227783,0.7831687461578641
6.35,3.674347731002108,0.7812411298409362,0.7830977161273273
6.355,3.6772409181918744,0.7817031837769534,0.7839330962507802
6.36,3.6801341053816397,0.7822740547631211,0.7845224661354726
6.365,3.683027292571405,0.7829604392332937,0.7850493279989036
6.37,3.6859204797611707,0.7837824264890341,0.7857978139211385
6.375,3.688813666950936,0.7847082084695362,0.7866516092376934
6.38,3.691706854140701,0.7857394592832556,0.787607844048345
6.385,3.6946000413304665,0.7868745048217345,0.788662054063856
6.39,3.6974932285202318,0.7880949298918704,0.7890639038707368
6.395,3.7003864157099975,0.789422497903689,0.7902648255772675
6.4,3.703279602899763,0.7908521865318041,0.7929254024534148
6.405,3.7061727900895285,0.7923555359323258,0.7937722302899823
6.41,3.709065977279294,0.7939425907560391,0.7952507869413498
6.415,3.7119591644690595,0.7955865652675246,0.7968000547454515
6.42,3.7148523516588248,0.797309222876808,0.7984154099741493
6.425,3.71774553884859,0.7990871260654008,0.8000899170352359
6.43,3.7206387260383553,0.8009286453756175,0.8008590024635209
6.435,3.723531913228121,0.8028086691805016,0.8026237639006709
6.44,3.7264251004178868,0.8047238492631273,0.806290061436466
6.445,3.729318287607652,0.8066825561658119,0.8081812180626354
6.45,3.7322114747974173,0.8086713970208467,0.8091866238304531
6.455,3.735104661987183,0.8107087870213315,0.8111127254778187
6.46,3.7379978491769483,0.8127528734556707,0.8130620254853259
6.465,3.7408910363667136,0.8148086786492579,0.8150286246136264
6.47,3.743784223556479,0.8168828990359474,0.8170084571707358
6.475,3.7466774107462446,0.8189470747718541,0.8179934188854322
6.48,3.7495705979360103,0.8210346880262546,0.8219875068584456
6.485,3.7524637851257756,0.8231055601960156,0.8239790262870217
6.49,3.755356972315541,0.82518982523349,0.8249485941757959
6.495,3.7582501595053066,0.8272456304270772,0.8269143961095894
6.5,3.761143346695072,0.8292947391868077,0.8288617031308304
6.505,3.764036533884837,0.8313003211264818,0.830786608986436
6.51,3.7669297210746024,0.8332908360899796,0.8326827361203539
6.515,3.769822908264368,0.8352411724503445,0.8336792292535881
6.52,3.7727160954541334,0.8371630489668245,0.8355322999122053
6.525,3.775609282643899,0.8390347022293915,0.8391158964898869
6.53,3.7785024698336644,0.8408628286718971,0.8398941576269428
6.535,3.78139565702343,0.8426390577520244,0.8415827750307963
6.54,3.7842888442131954,0.8443399519512798,0.8432182992805105
6.545,3.7871820314029607,0.8460056898727935,0.8448129274520372
6.55,3.790075218592726,0.8475760036118699,0.8464202310162185
6.555,3.7929684057824917,0.8490944199885655,0.8472765056076892
6.56,3.795861592972257,0.8505274568336064,0.8486174664872197
6.565,3.7987547801620227,0.8518700918216014,0.8511837910568529
6.57,3.801647967351788,0.8531558071218243,0.8523189203007551
6.575,3.8045411545415537,0.8543460982396099,0.8527713202112982
6.58,3.807434341731319,0.8554593803680606,0.8537867068543383
6.585,3.8103275289210843,0.8564956535071738,0.8547395934480623
6.59,3.8132207161108496,0.8574515694400212,0.855550499700163
6.595,3.816113903300615,0.8586770168355484,0.8562619957972922
6.6,3.8190070904903806,0.8609990052748845,0.856774811093517
6.605,3.8219002776801463,0.8581195387170917,0.8579096055157264
6.61,3.8247934648699116,0.8606825987752201,0.8583090477951971
6.615,3.8276866520596773,0.8591759011577701,0.8582263627809739
6.62,3.8305798392494426,0.8598656338448687,0.8583846856099823
6.625,3.833473026439208,0.8618193184221619,0.8584785951228584
6.63,3.836366213628973,0.860357821733236,0.8584616945993185
6.635,3.8392594008187384,0.8608734471400971,0.858338288889699
6.64,3.842152588008504,0.8596680890461375,0.8584304206588251
6.645,3.8450457751982694,0.8592813699909924,0.8580985286558704
6.65,3.847938962388035,0.8604063708786885,0.8569248112118768
6.655,3.8508321495778004,0.8589599411659367,0.8564225507709191
6.66,3.853725336767566,0.8585163024230194,0.8558566223906927
6.665,3.8566185239573314,0.8565726624965088,0.8549029386024624
6.67,3.8595117111470967,0.8551948712307745,0.8539339486797053
6.675,3.862404898336862,0.8551279068922222,0.8528721653163819
6.68,3.8652980855266277,0.853991187245278,0.8524248076610927
6.685,3.868191272716393,0.8528678604660472,0.8510948958974234
6.69,3.8710844599061587,0.850813729380923,0.8482464003462112
6.695,3.873977647095924,0.8486072544255894,0.8466465385927489
6.7,3.8768708342856897,0.8475944188049721,0.8455963304936608
6.705,3.879764021475455,0.8463773419517646,0.8437087333409634
6.71,3.8826572086652202,0.8462350427323377,0.8417883714940453
6.715,3.8855503958549855,0.840655239222381,0.8397939502774651
6.72,3.8884435830447512,0.8388271127798752,0.8377119971040615
6.725,3.8913367702345165,0.8375681832150743,0.8368378533977261
6.73,3.8942299574242822,0.8337595864598534,0.8321588039467349
6.735,3.8971231446140475,0.832853893780919,0.8296740921647133
6.74,3.9000163318038132,0.8307177313810661,0.8283086095821603
6.745,3.9029095189935785,0.8272841349217447,0.8258118761069795
6.75,3.905802706183344,0.8245921685119004,0.8231594505446621
6.755,3.908695893373109,0.8207668306720427,0.8204347194405973
6.76,3.911589080562875,0.8186323423806551,0.8174662062564182
6.765,3.91448226775264,0.8166334568748377,0.8160277644326219
6.77,3.9173754549424054,0.8128516458550363,0.8131188335658655
6.775,3.920268642132171,0.8096139200859832,0.8070826680886679
6.78,3.923161829321937,0.8059241850316956,0.8054477815945585
6.785,3.926055016511702,0.803173624825616,0.8023226994092855
6.79,3.9289482037014674,0.8009989579310981,0.7991892466816934
6.795,3.9318413908912326,0.7983823264021258,0.7958957970166294
6.8,3.934734578080998,0.7929063176169259,0.7926363875569965
6.805,3.9376277652707636,0.7903750656196106,0.7910385985092514
6.81,3.940520952460529,0.7840385650840028,0.787698752123904
6.815,3.9434141396502946,0.782476621887246,0.7807268437208467
6.82,3.9463073268400604,0.7802701469319124,0.7773018689201132
6.825,3.9492005140298256,0.7754018395190847,0.7756099072853049
6.83,3.952093701219591,0.7727500517123733,0.7721787024095024
6.835,3.954986888409356,0.7681328605691206,0.7687011008134166
6.84,3.9578800755991215,0.7670513865014856,0.7651677753213202
6.845,3.960773262788887,0.7615552884147204,0.761666895645642
6.85,3.9636664499786525,0.7588365362694541,0.7598311241078177
6.855,3.966559637168418,0.7539699029650919,0.7530177537762859
6.86,3.9694528243581835,0.7488421087403695,0.7497575949538167
6.865,3.972346011547949,0.746985522453979,0.7480501757175255
6.87,3.9752391987377145,0.7443521498403673,0.744652612449901
6.875,3.9781323859274798,0.7417706745891366,0.741260549824372
6.88,3.981025573117245,0.7375586176941313,0.7380083151152984
6.885,3.9839187603070108,0.7328945515138939,0.7348493521634956
6.89,3.986811947496776,0.7289737894915941,0.7331851767432143
6.895,3.9897051346865413,0.727480484741855,0.7299049286191792
6.9,3.992598321876307,0.7251668668448386,0.7236468600651005
6.905,3.9954915090660728,0.7218471097610567,0.7222461056116034
6.91,3.998384696255838,0.7188353886346197,0.7193540433806058
6.915,4.001277883445604,0.7139017909917026,0.7166008524326559
6.92,4.004171070635369,0.7111277932671319,0.7138152953877386
6.925,4.007064257825134,0.7090368317958032,0.7110653729372656
6.93,4.0099574450149,0.7071049106285406,0.709530107854672
6.935,4.012850632204665,0.7064118297245137,0.7068981582332564
6.94,4.015743819394431,0.7014464240207834,0.7021469547074741
6.945,4.018637006584196,0.6986255512592232,0.6998286493067578
6.95,4.021530193773962,0.6966049023433777,0.6988606439192167
6.955,4.024423380963727,0.6942310165416606,0.6966351957346275
6.96,4.027316568153492,0.6932365961141432,0.6945185646001876
6.965,4.030209755343257,0.6910250988334208,0.6925192804971173
6.97,4.033102942533023,0.6884888245107142,0.6907305354632367
6.975,4.035996129722788,0.6866037783804363,0.689710672573042
6.98,4.038889316912554,0.6849196252658204,0.6863509042969749
6.985,4.041782504102319,0.6839888209599294,0.6847899655652965
6.99,4.044675691292085,0.6828554495299135,0.684283384330113
6.995,4.047568878481851,0.6811143767275278,0.6830295568101524
7.0,4.050462065671616,0.6795005361683926,0.6819097376867492
7.005,4.053355252861381,0.6784324549684662,0.680816544859866
7.01,4.056248440051147,0.6773978559378183,0.6798777686089088
7.015,4.059141627240912,0.676850422470144,0.6792098272336471
7.02,4.062034814430677,0.6763381452802115,0.6784048321788129
7.025,4.064928001620443,0.6752667158633566,0.6772548033695825
7.03,4.067821188810209,0.6736796610396433,0.6772209584768054
7.035,4.070714375999974,0.6751930550909476,0.6768238758930745
7.04,4.073607563189739,0.674151759626443,0.6765038022986795
7.045,4.0765007503795045,0.6751160461016127,0.6762845738093679
7.05,4.07939393756927,0.6751093496677559,0.6761884321518736
7.055,4.082287124759035,0.6736478529788301,0.6760228269510478
7.06,4.085180311948801,0.67451671527156,0.6760380613380687
7.065,4.0880734991385665,0.6749251977367358,0.6763559745353505
7.07,4.090966686328332,0.6755680553868472,0.6766548866015678
7.075,4.093859873518097,0.6765239713196971,0.677030668148083
7.08,4.096753060707863,0.6765440606212623,0.677532183212177
7.085,4.0996462478976285,0.6765808910074668,0.6781627640668877
7.09,4.102539435087394,0.677267275477637,0.6787667983445289
7.095,4.105432622277159,0.6782516512543718,0.6795299526456849
7.1,4.108325809466924,0.6790954019201452,0.6797506479728888
7.105,4.1112189966566905,0.678737142708885,0.6816096617165527
7.11,4.114112183846456,0.67949049151761,0.6827221904961931
7.115,4.117005371036221,0.6811160508359908,0.6833921208717488
7.12,4.119898558225986,0.682316386604559,0.6845453424449781
7.125,4.122791745415752,0.6845462990783862,0.6857858568166786
7.13,4.125684932605517,0.6857985322093328,0.6870215880213395
7.135,4.128578119795282,0.6869218589885662,0.6883383939073203
7.14,4.131471306985048,0.6878777749214136,0.688926269052313
7.145,4.134364494174814,0.6901779999507215,0.6903528605797687
7.15,4.137257681364579,0.6930758817016166,0.6932432088425771
7.155,4.140150868554344,0.6928615958182461,0.6940644028897851
7.16,4.14304405574411,0.6967672908643697,0.6956420508183213
7.165,4.145937242933876,0.6967907283828633,0.6972346860035815
7.17,4.148830430123641,0.6991428507745496,0.6988432650789732
7.175,4.151723617313406,0.701618857192558,0.700384401499108
7.18,4.1546168045031715,0.702474326617577,0.701176306620144
7.185,4.157509991692937,0.7041969842268604,0.702788221954546
7.19,4.160403178882703,0.7057991060267501,0.7060106296311555
7.195,4.163296366072468,0.7070680802423361,0.7075788507346513
7.2,4.1661895532622335,0.7080859381883471,0.7081808043346304
7.205,4.169082740451999,0.7104882838339465,0.7095661689481778
7.21,4.171975927641764,0.711867749208146,0.711012518941479
7.215,4.174869114831529,0.7129358304080725,0.7123590601825557
7.22,4.177762302021295,0.71489621141922,0.713744663954455
7.225,4.180655489211061,0.7146802514273866,0.7144747546134502
7.23,4.183548676400826,0.7180368388973729,0.7167953200605929
7.235,4.186441863590591,0.7185993393412186,0.7178584626405502
7.24,4.189335050780357,0.7206484481009515,0.7183410483210854
7.245,4.192228237970123,0.7215424220206379,0.7193776403380008
7.25,4.195121425159888,0.7202198763342105,0.7204367929594527
7.255,4.198014612349653,0.7221685385861124,0.7213710252017225
7.26,4.200907799539419,0.7232349456775735,0.7221525946959806
7.265,4.203800986729184,0.725044656926977,0.7226668369703724
7.27,4.206694173918949,0.7258884075927503,0.72332610088343
7.275,4.209587361108715,0.7259319344128091,0.7245182335205256
7.28,4.212480548298481,0.7245725583401772,0.7246005398673583
7.285,4.215373735488246,0.7254598358260094,0.7249428551884869
7.29,4.218266922678011,0.7279927619317876,0.7252512100236349
7.295,4.2211601098677765,0.727567538381975,0.7253546858705898
7.3,4.224053297057542,0.7293102852928262,0.7254041119299983
7.305,4.226946484247308,0.7277048152760105,0.7256633237097878
7.31,4.229839671437073,0.72690124321337,0.7256288370754328
7.315,4.2327328586268385,0.7261211086692231,0.7250746234684808
7.32,4.235626045816604,0.7263672026134068,0.7246341655316464
7.325,4.23851923300637,0.7270519129751141,0.7242027398085714
7.33,4.241412420196135,0.7262466668040106,0.7235782973515613
7.335,4.2443056073859005,0.7252254606410713,0.7230564538275494
7.34,4.247198794575666,0.7250747908793272,0.7222626075378896
7.345,4.250091981765431,0.7228214408870065,0.7212818191364354
7.35,4.252985168955196,0.7225803692682166,0.7209675331741583
7.355,4.2558783561449625,0.7214788058990139,0.7184654106641128
7.36,4.258771543334728,0.7198398537129197,0.7171979431461447
7.365,4.261664730524493,0.7173554767525916,0.7162618056090044
7.37,4.264557917714258,0.71707924885606,0.7148837751849175
7.375,4.267451104904024,0.7155742253470729,0.7132483306546537
7.38,4.270344292093789,0.7128186428156023,0.7114675575658389
7.385,4.273237479283554,0.713613844335923,0.7096454898015829
7.39,4.27613066647332,0.7087890637431566,0.7088664912596084
7.395,4.279023853663086,0.707396205501246,0.7068366347472106
7.4,4.281917040852851,0.704307475385474,0.7026316091077538
7.405,4.284810228042617,0.7026651749824538,0.7013130533798309
7.41,4.287703415232382,0.7015518928540057,0.6989842887871881
7.415,4.290596602422148,0.6975390548661969,0.6965854507974162
7.42,4.293489789611913,0.6971824697633997,0.6941611025834336
7.425,4.296382976801678,0.6920228674778641,0.691603064850696
7.43,4.299276163991443,0.6896556781100038,0.6904045068258772
7.435,4.302169351181209,0.6879832437546359,0.68775966656929
7.44,4.305062538370975,0.6844776606313685,0.682119344038366
7.445,4.30795572556074,0.6821288864566104,0.6792557815109792
7.45,4.310848912750505,0.6791724109094802,0.6777147407541854
7.455,4.313742099940271,0.6749419388213727,0.6748300127126485
7.46,4.316635287130036,0.6725747494535124,0.6718547233751634
7.465,4.319528474319801,0.6694642559277096,0.6687686240012626
7.47,4.322421661509567,0.6664441642589554,0.6657299577005037
7.475,4.325314848699333,0.6633604564685747,0.6641573320973588
7.48,4.328208035889098,0.6599218376838596,0.6579735939590745
7.485,4.331101223078863,0.6562538660396026,0.6547880166686693
7.49,4.333994410268629,0.6533425914209965,0.6531805217778063
7.495,4.336887597458395,0.6501249549535085,0.6500091225917005
7.5,4.33978078464816,0.6468939256183097,0.6468183515790848
7.505,4.342673971837925,0.6437281865132002,0.6436233554355842
7.51,4.3455671590276905,0.6401840988952653,0.640507201828785
7.515,4.348460346217456,0.6367438060020872,0.6389038244475487
7.52,4.351353533407221,0.6337270625502613,0.6357467070010286
7.525,4.354246720596987,0.6305529529028322,0.6294923214855704
7.53,4.3571399077867525,0.6274508299193492,0.6280273609865128
7.535,4.360033094976518,0.6242716979465288,0.6249840709576157
7.54,4.362926282166283,0.6210306239605473,0.6220177899180549
7.545,4.365819469356048,0.6178782777231488,0.6190635465155435
7.55,4.3687126565458145,0.6151226951916805,0.6161751513792764
7.555,4.37160584373558,0.6120774918959673,0.6146392126673248
7.56,4.374499030925345,0.6095027130785908,0.6118085463712521
7.565,4.37739221811511,0.6063219069973074,0.6064138992573956
7.57,4.3802854053048765,0.6038509229046902,0.6038279876187354
7.575,4.383178592494642,0.6008659875136751,0.6026929978838718
7.58,4.386071779684407,0.5987281510053593,0.6002307829308263
7.585,4.388964966874172,0.5960127470770213,0.5978344162440248
7.59,4.391858154063938,0.5939619642088255,0.59555260640782
7.595,4.394751341253703,0.5913034799682597,0.5933467692080929
7.6,4.397644528443468,0.5894686570918973,0.5921201937823402
7.605,4.400537715633234,0.587114860591748,0.5880958881515543
7.61,4.403430902823,0.5855863995642674,0.5862484257562911
7.615,4.406324090012765,0.5834485630559539,0.5855243778316557
7.62,4.40921727720253,0.5820088297770564,0.5838454862007829
7.625,4.4121104643922955,0.5799932031866021,0.5822536482100295
7.63,4.415003651582061,0.5788464388888752,0.5807706272694251
7.635,4.417896838771827,0.5771271294965177,0.5794068666270062
7.64,4.420790025961592,0.5763536913862275,0.5785765726045055
7.645,4.4236832131513575,0.574708042766279,0.5773358071165353
7.65,4.426576400341124,0.5741940914678834,0.575299170464859
7.655,4.429469587530889,0.57251998300405,0.5750733172891977
7.66,4.432362774720654,0.5725534651733262,0.5742676725208407
7.665,4.4352559619104195,0.5710434193389479,0.5735490813926029
7.67,4.438149149100185,0.5710651827489784,0.5729352416225305
7.675,4.44104233628995,0.570422325098867,0.5724306174998608
7.68,4.443935523479715,0.5697225477609834,0.5720524882155236
7.685,4.446828710669481,0.5700891775145633,0.571683598415518
7.69,4.449721897859247,0.5691466544494244,0.5713522086451023
7.695,4.452615085049012,0.570362057194169,0.5713969073410865
7.7,4.455508272238777,0.5696773468324593,0.5715882220647499
7.705,4.458401459428543,0.5705562537759717,0.5717533210470642
7.71,4.461294646618308,0.5701963204562486,0.5720230119486426
7.715,4.464187833808074,0.5704959858712737,0.572348745624034
7.72,4.467081020997839,0.5705579278844372,0.5728557613302236
7.725,4.469974208187605,0.5714117232009907,0.572945290259286
7.73,4.47286739537737,0.5714686428887629,0.574241970969948
7.735,4.475760582567136,0.5733536890190384,0.5749398230830969
7.74,4.478653769756901,0.5734993364553911,0.5754513469242212
7.745,4.481546956946667,0.5756020166859654,0.5763010765487925
7.75,4.484440144136432,0.5754145165380168,0.5771910644959466
7.755,4.487333331326197,0.5776611700964809,0.5781565467628745
7.76,4.490226518515962,0.5781834919371961,0.5792607408739487
7.765,4.493119705705728,0.5793938723565494,0.5797139618948337
7.77,4.496012892895493,0.5816907491689289,0.5808462451543475
7.775,4.498906080085259,0.5820824905494654,0.5833613420049876
7.78,4.501799267275024,0.5839959965236258,0.5840383275519265
7.785,4.50469245446479,0.5840462197775412,0.5852894446105645
7.79,4.507585641654555,0.5856818237467071,0.586643718638355
7.795,4.51047882884432,0.5869909765654235,0.5878501928046242
7.8,4.513372016034086,0.5890518040844044,0.5891992053486712
7.805,4.516265203223852,0.5899524744379451,0.589888439789204
7.81,4.519158390413617,0.5937443301085291,0.591211738824441
7.815,4.522051577603383,0.5931416510615481,0.5939129128308362
7.82,4.524944764793148,0.5957130816619962,0.5952076683167649
7.825,4.527837951982914,0.5965585064362325,0.5958625556319813
7.83,4.530731139172679,0.5975780384907065,0.5971528149408928
7.835,4.533624326362444,0.5977421011201615,0.5984373344493571
7.84,4.53651751355221,0.6017934436026401,0.5996194941831755
7.845,4.539410700741975,0.5988352939470445,0.6008631973329023
7.85,4.54230388793174,0.6039312801109535,0.6015568083712761
7.855,4.545197075121506,0.6041271508012218,0.6038475746877625
7.86,4.548090262311272,0.6052973526174422,0.6047146791666049
7.865,4.550983449501037,0.6063034918042052,0.6052629138147575
7.87,4.553876636690802,0.607585858887502,0.6060583544934303
7.875,4.556769823880567,0.6089603019363103,0.607056362296227
7.88,4.559663011070334,0.6091779360366092,0.6078545931556729
7.885,4.562556198260099,0.6109709062013733,0.6083647976398887
7.89,4.565449385449864,0.6088715741877274,0.6088959324658751
7.895,4.568342572639629,0.6117995898909704,0.609395486431483
7.9,4.571235759829396,0.6113827368834774,0.610245347593148
7.905,4.574128947019161,0.6134368679685992,0.6104168560192952
7.91,4.577022134208926,0.6110864196853782,0.6107268052434563
7.915,4.579915321398691,0.6162276067778091,0.610761483204493
7.92,4.582808508588457,0.6098459053136771,0.6107919360346447
7.925,4.585701695778222,0.6166712455207264,0.6104265020728251
7.93,4.588594882967987,0.6133213544845967,0.6104998120796508
7.935,4.5914880701577525,0.60829233265924,0.6104126747341082
7.94,4.594381257347519,0.6117845229147965,0.6098070659973165
7.945,4.597274444537284,0.6072192291339222,0.6089731088660579
7.95,4.600167631727049,0.6125445681573757,0.6082162005838609
7.955,4.6030608189168145,0.6138470245422403,0.6072256066899755
7.96,4.605954006106581,0.6106360845086066,0.606437819078566
7.965,4.608847193296346,0.6060255897992106,0.606361447844835
7.97,4.611740380486111,0.6069430012373906,0.6055673623968234
7.975,4.6146335676758765,0.5999117456892906,0.6042985476201391
7.98,4.617526754865643,0.607435189125758,0.6022434439577176
7.985,4.620419942055408,0.6108185623311639,0.6006079236939754
7.99,4.623313129245173,0.5969117433221015,0.5996298577117611
7.995,4.6262063164349385,0.5951204472658003,0.5983478095062675
8.0,4.629099503624704,0.5930780349399216,0.5973136090728718
8.005,4.63199269081447,0.5905802651118826,0.59436776810046
8.01,4.634885878004234,0.5968933281289992,0.5931674801635618
8.015,4.6377790651940005,0.6094826237770256,0.5901182111758654
8.02,4.640672252383765,0.5995518123695673,0.5887841858885422
8.025,4.643565439573531,0.5832007950033049,0.5860405851905064
8.03,4.646458626763296,0.5845919791367524,0.5848362395335697
8.035,4.649351813953062,0.5755819273844002,0.5823090532282373
8.04,4.652245001142827,0.580068538067474,0.579533540834103
8.045,4.655138188332593,0.5848615105994297,0.5771546327069957
8.05,4.658031375522358,0.5855010200326128,0.5748498636690011
8.055,4.660924562712124,0.570161164178507,0.5725721992442305
8.06,4.66381774990189,0.5691617214255983,0.5700295473654704
8.065,4.666710937091654,0.5625088143903261,0.5674933527622136
8.07,4.66960412428142,0.5621036801420787,0.5639013537544324
8.075,4.672497311471185,0.5631985470774247,0.5606013670944142
8.08,4.675390498660951,0.5607493263948357,0.5581068657638518
8.085,4.678283685850717,0.5543642767137754,0.555102558546327
8.09,4.6811768730404815,0.5525328020543437,0.5527533060548647
8.095,4.684070060230248,0.5469546726528498,0.5497681315054979
8.1,4.686963247420012,0.5467202974679142,0.5467222904541797
8.105,4.689856434609778,0.5452470820197403,0.5431587512902838
8.11,4.6927496217995435,0.5371845756579183,0.5403784557291098
8.115,4.695642808989309,0.5436332414606051,0.5374545057178489
8.12,4.698535996179074,0.5340506446136221,0.534908983938865
8.125,4.70142918336884,0.5302520925091838,0.5318522213228066
8.13,4.7043223705586055,0.5308162670614973,0.5292012307106011
8.135,4.707215557748371,0.5215015275687286,0.5259852683515774
8.14,4.710108744938136,0.5262476250636947,0.523242520651664
8.145,4.713001932127901,0.5173798725307692,0.5204984177210891
8.15,4.7158951193176675,0.5208988485217476,0.5177796655758238
8.155,4.718788306507432,0.510666697590799,0.5151228554437202
8.16,4.721681493697198,0.5117749573938559,0.5123768392463296
8.165,4.724574680886962,0.5077587711891188,0.5102209064227148
8.17,4.727467868076729,0.5090528570316637,0.507446908698143
8.175,4.730361055266495,0.49791166520485225,0.5053415977256966
8.18,4.733254242456259,0.5075277442211115,0.5031170264550647
8.185,4.736147429646025,0.4932141168553363,0.5008624806709852
8.19,4.739040616835791,0.49676657501559085,0.4991294595331149
8.195,4.741933804025556,0.4949066405122719,0.4969668302756449
8.2,4.744826991215321,0.48986087760227826,0.4953475687938647
8.205,4.747720178405087,0.4909272846937393,0.4933896590856862
8.21,4.750613365594853,0.4875807418745356,0.4919409972283158
8.215,4.753506552784618,0.4919099863620087,0.4903278741442363
8.22,4.756399739974383,0.48537928924459567,0.48905124686138735
8.225,4.759292927164148,0.4898391141922476,0.4875730090878224
8.23,4.762186114353915,0.48353609582591606,0.4866697079924084
8.235,4.765079301543679,0.4834708055958242,0.4853337694382694
8.24,4.767972488733445,0.4851080836734555,0.48448316289974064
8.245,4.7708656759232095,0.48083241065682375,0.48370446330570604
8.25,4.773758863112976,0.483375381413387,0.48285106658640436
8.255,4.776652050302742,0.47978274464999954,0.4824715222818181
8.26,4.779545237492506,0.4802447985860191,0.4818764963021014
8.265,4.782438424682272,0.477899372628187,0.48162585834923033
8.27,4.785331611872038,0.48094959824929157,0.4810777074065009
8.275,4.788224799061803,0.4780098637868006,0.4809350893092724
8.28,4.791117986251568,0.47894234220115695,0.4805199104102418
8.285,4.7940111734413335,0.4794730345841918,0.48055945125776833
8.29,4.796904360631099,0.47535137954623247,0.48037912586037834
8.295,4.799797547820865,0.4804138835408654,0.48050651754253093
8.3,4.80269073501063,0.47698530940693534,0.48059460753550887
8.305,4.8055839222003955,0.4818904472059676,0.48089251912262054
8.31,4.808477109390162,0.4784317391196873,0.4812365882716637
8.315,4.811370296579926,0.4823173448642431,0.4818143151305876
8.32,4.814263483769692,0.48039881656469147,0.4823172651447936
8.325,4.817156670959457,0.4823843092027979,0.4828077789246967
8.33,4.820049858149223,0.4811203573126033,0.4835824925461983
8.335,4.822943045338989,0.484366453623976,0.4842545275152513
8.34,4.825836232528753,0.47968397225063397,0.48501552939123954
8.345,4.8287294197185195,0.48778330899866046,0.48607284846532633
8.35,4.831622606908284,0.48268230050936006,0.48691763548395695
8.355,4.83451579409805,0.4896315247427314,0.4878898141847401
8.36,4.837408981287815,0.48700819677990487,0.4887992536778549
8.365,4.840302168477581,0.49237706262341957,0.4898615950773331
8.37,4.843195355667346,0.48846132292651345,0.49059294131767633
8.375,4.846088542857112,0.491250387627258,0.49180475668713963
8.38,4.848981730046877,0.49427884983833437,0.4926933096841818
8.385,4.851874917236643,0.4930550765512702,0.4939389261007245
8.39,4.854768104426409,0.4954540739799436,0.4947557315921739
8.395,4.857661291616173,0.49755508010205496,0.4960872855765267
8.4,4.860554478805939,0.4981544109321076,0.49681480528323824
8.405,4.863447665995704,0.4974010621233826,0.4977881000563306
8.41,4.86634085318547,0.5009886765613788,0.4987901735511109
8.415,4.869234040375235,0.5007409085087297,0.49967218955319914
8.42,4.8721272275650005,0.4976756159114512,0.5004371774017202
8.425,4.875020414754767,0.5058469393234214,0.501426017467691
8.43,4.877913601944531,0.501043922140683,0.5021769746928963
8.435,4.880806789134297,0.5072783020599994,0.5024458683999682
8.44,4.8836999763240625,0.5015193689444136,0.5030507795915666
8.445,4.886593163513828,0.5076466059220422,0.5035165803417657
8.45,4.889486350703593,0.5030612228396028,0.5039179677758324
8.455,4.892379537893359,0.5031214907443009,0.5040524544890936
8.46,4.8952727250831245,0.5106750681331161,0.5045695945655168
8.465,4.89816591227289,0.5055305328237569,0.5040897631920019
8.47,4.901059099462656,0.5084418074423631,0.5043950886880249
8.475,4.90395228665242,0.5092269643119013,0.5043610484825936
8.48,4.9068454738421865,0.5070204893565701,0.5042985484332773
8.485,4.909738661031951,0.49992561768684357,0.5040697536098866
8.49,4.912631848221717,0.5057582115748384,0.5037535862685741
8.495,4.9155250354114814,0.5052358897341231,0.5032547019463518
8.5,4.918418222601248,0.5059842162174569,0.5028177596372914
8.505,4.921311409791014,0.5009786319105937,0.502562019639578
8.51,4.924204596980778,0.5082610037282688,0.5019270542150812
8.515,4.927097784170544,0.49091221771756544,0.5010465528825557
8.52,4.92999097136031,0.5071527439252119,0.5001988959637013
8.525,4.932884158550075,0.49696077159739366,0.49884191147458834
8.53,4.93577734573984,0.5045344382877767,0.49756337092492364
8.535,4.938670532929606,0.49623923084948185,0.4964559880358232
8.54,4.941563720119371,0.5006387878924358,0.4954673871282044
8.545,4.944456907309137,0.4910427981777442,0.49418414313095066
8.55,4.947350094498902,0.498470817431772,0.49275413562503434
8.555,4.9502432816886675,0.4976906828876251,0.49118693094453436
8.56,4.953136468878434,0.4897872168298692,0.4895751630911162
8.565,4.956029656068198,0.4921845401500773,0.4876579900222245
8.57,4.958922843257964,0.4877297375278167,0.4865254157867159
8.575,4.961816030447729,0.4799451331709916,0.4844765461853358
8.58,4.964709217637495,0.4823776127689412,0.4827514172730809
8.585,4.967602404827261,0.48376544868546045,0.4806627676658221
8.59,4.970495592017025,0.4791649986268471,0.47866499823231445
8.595,4.9733887792067915,0.47881008763251276,0.4764560519740118
8.6,4.976281966396557,0.4752057321098797,0.47439299231041443
8.605,4.979175153586322,0.4730729179269576,0.4719540554369611
8.61,4.982068340776087,0.4671315069888122,0.46925427652095264
8.615,4.9849615279658535,0.46800036928154204,0.46659435733027343
8.62,4.987854715155618,0.4671281587718838,0.46433128156497344
8.625,4.990747902345384,0.46412648229623177,0.46260519601931066
8.63,4.993641089535149,0.46073306444004086,0.46039624976100785
8.635,4.996534276724915,0.46067279653534277,0.45838118120670723
8.64,4.999427463914681,0.4542860727458195,0.45524286559262495
8.645,5.002320651104445,0.45425091646807797,0.45294415523288045
8.65,5.005213838294211,0.4477185452421995,0.4498567803477691
8.655,5.008107025483976,0.44725314308925407,0.4482831981112165
8.66,5.011000212673742,0.4409953256514466,0.4462840734470474
8.665,5.013893399863507,0.433928913825605,0.44427721599616443
8.67,5.016786587053272,0.44465994907877776,0.44213379912630313
8.675,5.019679774243039,0.45148194106889866,0.4400154141639486
8.68,5.022572961432804,0.4335572617466338,0.43770705775067437
8.685,5.025466148622569,0.4400611731286273,0.4359654269121331
8.69,5.028359335812334,0.41786082078973313,0.43427338157190143
8.695,5.0312525230021,0.4308920810722114,0.4329319423756669
8.7,5.034145710191865,0.41397521504517487,0.43168170223098606
8.705,5.037038897381631,0.4421605051422733,0.43044796401259167
8.71,5.039932084571396,0.4310912999794079,0.42948200342895976
8.715,5.042825271761162,0.42498750052027046,0.4286008643408288
8.72,5.045718458950928,0.42298861501445306,0.42813673769909366
8.725,5.048611646140692,0.4226420745624408,0.42714311446608316
8.73,5.051504833330458,0.4156509976174736,0.42589678057448443
8.735,5.054398020520223,0.4241588168306734,0.42552991166255294
8.74,5.057291207709989,0.42513984439047986,0.4248642542495526
8.745,5.060184394899754,0.426115849624895,0.4254651794686181
8.75,5.0630775820895195,0.4279958734297792,0.4254653389075193
8.755,5.065970769279286,0.42181004265591543,0.42635269611280163
8.76,5.068863956469051,0.4269679708329856,0.42592300827375107
8.765,5.071757143658816,0.42249140480069436,0.42593823468882697
8.77,5.0746503308485815,0.424182254349167,0.4263762930701967
8.775,5.077543518038347,0.42379386118555895,0.4268754962702218
8.78,5.080436705228112,0.42530892934532616,0.4275354936022253
8.785,5.083329892417878,0.425853014596072,0.4285613234933018
8.79,5.086223079607643,0.42608236745561884,0.429235431168072
8.795,5.089116266797409,0.4304802503901073,0.4299773003759022
8.8,5.092009453987175,0.4308954292891397,0.43072371359241995
8.805,5.094902641176939,0.4326097163561035,0.431534300966718
8.81,5.0977958283667055,0.43313706052221246,0.4326117093423707
8.815,5.10068901555647,0.43141105469600066,0.43356124771916676
8.82,5.103582202746236,0.43418672652903423,0.43466065866320147
8.825,5.106475389936001,0.4334718822149792,0.4357144700814592
8.83,5.109368577125767,0.43650201853451603,0.4369041234436394
8.835,5.112261764315533,0.43719342533008,0.438003534387674
8.84,5.115154951505297,0.43831507800084785,0.4393819634090141
8.845,5.118048138695063,0.4407190977549127,0.4408385972114504
8.85,5.120941325884829,0.4417905271717675,0.4422500300853633
8.855,5.123834513074594,0.44501820829003796,0.44364137365771017
8.86,5.126727700264359,0.4444356185446222,0.44483987587891366
8.865,5.129620887454125,0.44690827674570477,0.44595762229659963
8.87,5.13251407464389,0.4455790346254207,0.44711785918148667
8.875,5.135407261833656,0.4463122941325805,0.4482336126129064
8.88,5.138300449023422,0.4487765817913434,0.4493932914616389
8.885,5.1411936362131865,0.4483965591700525,0.45064560431203693
8.89,5.144086823402953,0.4548000240442151,0.45184681699456275
8.895,5.146980010592717,0.45667167730678204,0.4531056668399148
8.9,5.149873197782483,0.4601203407422773,0.45433629599973363
8.905,5.1527663849722485,0.46011364430842305,0.4554573906343474
8.91,5.155659572162014,0.457778263001376,0.45648856172861796
8.915,5.158552759351779,0.45660973529361853,0.45742662050451927
8.92,5.161445946541544,0.4557760292786302,0.45847014811364195
8.925,5.1643391337313105,0.4576175485888469,0.4595112044197943
8.93,5.167232320921076,0.4578251380383631,0.4605462817671472
8.935,5.170125508110841,0.462800588392876,0.46151343814253887
8.94,5.173018695300606,0.4624188916631198,0.4624048610398048
8.945,5.1759118824903725,0.4647509247532409,0.46300387299205453
8.95,5.178805069680137,0.4665623101111073,0.4634042240732627
8.955,5.181698256869903,0.46533351449865423,0.463568418239812
8.96,5.184591444059668,0.46667280126972094,0.4637502484467272
8.965,5.187484631249434,0.464134852838549,0.46408202541591337
8.97,5.1903778184392,0.4688223565372824,0.4645215718936954
8.975,5.193271005628964,0.4674412170546199,0.465068168307137
8.98,5.19616419281873,0.46804891842699214,0.4655648762883563
8.985,5.199057380008495,0.4690868656745683,0.4661177147347844
8.99,5.201950567198261,0.46711644001263825,0.46637287829954666
8.995,5.204843754388026,0.4673792750414588,0.46670237718591556
9.0,5.207736941577791,0.4650790500121533,0.4668797819525223
