time_s,Tstar,Hstar_raw,Hstar_smooth
0.005,0.006134691489126103,0.6092281592905222,0.6269044617934251
0.01,0.012269382978252205,0.6107465756672202,0.6291236828018344
0.015,0.01840407446737831,0.612976488141045,0.6312649641102579
0.02,0.02453876595650441,0.6161874281746786,0.6333160689223891
0.025,0.030673457445630516,0.6204480342151341,0.6352700325177599
0.03,0.03680814893475662,0.6251037298530542,0.6371427669753752
0.035,0.042942840423882724,0.6302265017523853,0.6389332444418765
0.04,0.04907753191300882,0.6354363272918339,0.6406600107291229
0.045,0.05521222340213492,0.6405155723711037,0.6423361212700374
0.05,0.06134691489126103,0.6453838797839313,0.6439601342408647
0.055,0.06748160638038714,0.6496963831867676,0.6455568709918612
0.06,0.07361629786951324,0.6535351138943363,0.6489206332124066
0.065,0.07975098935863933,0.6569603398113404,0.652347852115676
0.07,0.08588568084776545,0.6599804314800947,0.6577750446952642
0.075,0.09202037233689155,0.6626255228529518,0.6592317063995081
0.08,0.09815506382601764,0.6652337838396045,0.6626000923481915
0.085,0.10428975531514376,0.6675808839058972,0.6658882008100617
0.09,0.11042444680426984,0.6700150376123122,0.6690812039672958
0.095,0.11655913829339595,0.672506111006497,0.6721641145631704
0.1,0.12269382978252207,0.6748163806865851,0.6751676245861888
0.105,0.12882852127164815,0.6774916060117926,0.6780743551961075
0.11,0.13496321276077428,0.6798671659219725,0.6809330946967295
0.115,0.14109790424990037,0.6827181726358805,0.6837522136303742
0.12,0.14723259573902647,0.6853599157918093,0.6850918073213259
0.125,0.15336728722815257,0.6883649404843897,0.6893764208743478
0.13,0.15950197871727867,0.6911841391374844,0.6922128389287854
0.135,0.1656366702064048,0.6941540075523257,0.695078195143812
0.14,0.1717713616955309,0.6972795680543022,0.6993692739442823
0.145,0.17790605318465696,0.7001774498051975,0.7009009038199258
0.15,0.1840407446737831,0.7035892828544906,0.7038485305080323
0.155,0.1901754361629092,0.7064252225922246,0.7068308351571757
0.16,0.1963101276520353,0.7097299126998301,0.7098281270630424
0.165,0.20244481914116141,0.712736611500876,0.7128438341620117
0.17,0.2085795106302875,0.7159190916906223,0.7173949020069151
0.175,0.21471420211941358,0.7191300317242559,0.7173949020069151
0.18,0.22084889360853968,0.7221903019961431,0.720414324032285
0.185,0.2269835850976658,0.7254062643551655,0.7248986108933716
0.19,0.2331182765867919,0.7283393023838023,0.727873820511406
0.195,0.23925296807591803,0.7315335013327966,0.7323610131464694
0.2,0.24538765956504413,0.7344062714567352,0.7352511939984312
0.205,0.2515223510541702,0.7374447783185918,0.7366168918235011
0.21,0.2576570425432963,0.7404347360349982,0.7394485267108992
0.215,0.2637917340324224,0.7431970150003233,0.7422240391050337
0.22,0.26992642552154855,0.7462556111637475,0.7449549086067991
0.225,0.27606111701067465,0.7487533809917866,0.7476147480780279
0.23,0.28219580849980075,0.7516278252241881,0.750217907019838
0.235,0.2883304999889268,0.7541406620284011,0.752739592683075
0.24,0.29446519147805295,0.7566334095310489,0.7551880161711567
0.245,0.30059988296717904,0.7593270500493586,0.7575596698282537
0.25,0.30673457445630514,0.7613928998937284,0.7598387692031363
0.255,0.31286926594543124,0.7639308483249003,0.7632735933419984
0.26,0.31900395743455734,0.7658895552275848,0.7653232880396927
0.265,0.3251386489236835,0.7680156729766527,0.7672935462907782
0.27,0.3312733404128096,0.7700848710379509,0.7691339774304934
0.275,0.3374080319019357,0.7717757205864235,0.7708839230077384
0.28,0.3435427233910618,0.7737963695022692,0.7725162624653992
0.285,0.34967741488018783,0.7751457009241184,0.7725162624653992
0.29,0.35581210636931393,0.7768231576048801,0.7740347625475192
0.295,0.36194679785844003,0.7781440291828445,0.775889483398765
0.3,0.3680814893475662,0.7793945882053283,0.7771024945599881
0.305,0.3742161808366923,0.780708763349436,0.7781987167259963
0.31,0.3803508723258184,0.7814286299888847,0.7791598941425885
0.315,0.3864855638149445,0.7826021800220335,0.7800081090975975
0.32,0.3926202553040706,0.7830642339580507,0.7807186485613189
0.325,0.3987549467931967,0.7837522925366862,0.7813061809126736
0.33,0.40488963828232283,0.7842746143774015,0.7817578713201059
0.335,0.4110243297714489,0.7845106636708026,0.7824213763079385
0.34,0.417159021260575,0.7849308648952239,0.782538229078714
0.345,0.42329371274970107,0.7846864450595056,0.782538229078714
0.35,0.42942840423882717,0.784800284435045,0.7825279333116615
0.355,0.43556309572795326,0.7844135653798999,0.7823897356579721
0.36,0.44169778721707936,0.7841155740733378,0.7816964076236481
0.365,0.4478324787062055,0.7837020692827708,0.7812251859508043
0.37,0.4539671701953316,0.7829370017148002,0.7806200356008539
0.375,0.4601018616844577,0.7824230504164021,0.7798927550524943
0.38,0.4662365531735838,0.7812612191425015,0.7790374450663768
0.385,0.4723712446627099,0.780454298862935,0.7780583307733864
0.39,0.47850593615183606,0.7791602130203901,0.7769509478842858
0.395,0.48464062764096216,0.7779381138417937,0.7752779554927617
0.4,0.49077531913008826,0.7766306351315403,0.7738602367401646
0.405,0.49691001061921436,0.7749448079084589,0.7723491027352853
0.41,0.5030447021083404,0.7735938023781442,0.7723491027352853
0.415,0.5091793935974666,0.7715329748591657,0.7707169306884708
0.42,0.5153140850865926,0.7698940226730739,0.7678919483892302
0.425,0.5214487765757188,0.7677913424424997,0.7660061050644473
0.43,0.5275834680648448,0.7657907828282193,0.7640209313041434
0.435,0.533718159553971,0.7637132142246015,0.7619416885920626
0.44,0.5398528510430971,0.7612556229996928,0.759774037009201
0.445,0.5459875425322231,0.7592065142399624,0.7575182954333616
0.45,0.5521222340213493,0.7564459093831003,0.7551823560901594
0.455,0.5582569255104753,0.7541908852823166,0.7527665378573971
0.46,0.5643916169996015,0.7514721331370504,0.7491178344043625
0.465,0.5705263084887275,0.7488789391265741,0.7465414651839463
0.47,0.5766609999778536,0.7462154325606146,0.7451163404943829
0.475,0.5827956914669797,0.7433342918943564,0.7424472535668779
0.48,0.5889303829561059,0.7407344014500233,0.7397200511598427
0.485,0.5950650744452319,0.7375971221888012,0.7369489233354946
0.49,0.6011997659343581,0.7349336156228418,0.734134188971636
0.495,0.6073344574234841,0.7317896399277629,0.7312876465469647
0.5,0.6134691489126103,0.7288833876345481,0.7284065058807075
0.505,0.6196038404017364,0.725898452243533,0.7255051961934337
0.51,0.6257385318908625,0.722798003368513,0.7225845943991005
0.515,0.6318732233799886,0.72000559045084,0.7196458165700169
0.52,0.6380079148691147,0.7166138467031146,0.7152260107865956
0.525,0.6441426063582408,0.7138431971954698,0.7122720464021617
0.53,0.650277297847367,0.7105200918947597,0.7093092929482927
0.535,0.656411989336493,0.707597098516908,0.7063833698806279
0.54,0.6625466808256192,0.7046037925835732,0.7034480718055657
0.545,0.6686813723147452,0.7014782320815967,0.7005564679614096
0.55,0.6748160638038714,0.6987025602485606,0.6991646939040292
0.555,0.6809507552929974,0.695518405950349,0.6963170354070487
0.56,0.6870854467821236,0.6928582476013179,0.693507721965835
0.565,0.6932201382712495,0.6897577987262977,0.6907343619968683
0.57,0.6993548297603757,0.687052439448745,0.6880089134177477
0.575,0.7054895212495018,0.6842550042056783,0.6853385509790322
0.58,0.7116242127386279,0.6814793323726424,0.6827194481470902
0.585,0.717758904227754,0.6790786608355058,0.6801716145040372
0.59,0.7238935957168801,0.6762276541215979,0.6776838893267806
0.595,0.7300282872060062,0.6739575630446403,0.6752747675278737
0.6,0.7361629786951324,0.6713292127564223,0.6729358785649973
0.605,0.7422976701842584,0.6690825591979559,0.6706764698944275
0.61,0.7484323616733846,0.6669028699780466,0.6685043540223291
0.615,0.7545670531625106,0.6645574440202145,0.6664117184425374
0.62,0.7607017446516368,0.6627711702893047,0.6644259866460791
0.625,0.7668364361407629,0.6605362354900886,0.6625210106531381
0.63,0.772971127629889,0.6588420377246875,0.6607305117913429
0.635,0.7791058191190151,0.6570155853906472,0.6590336035646212
0.64,0.7852405106081412,0.6553548697945224,0.6574365838095748
0.645,0.7913752020972673,0.6540122348065298,0.6559609767778817
0.65,0.7975098935863933,0.65236156386119,0.6545790401007124
0.655,0.8036445850755195,0.651254978166596,0.6533342208786763
0.66,0.8097792765646457,0.6499039726362814,0.6521880146171051
0.665,0.8159139680537717,0.6489129004256923,0.6511649749068016
0.67,0.8220486595428979,0.6480574310006734,0.6502678122090884
0.675,0.8281833510320239,0.647047943596982,0.6494746036750338
0.68,0.83431804252115,0.6466545281079803,0.6488302313553594
0.685,0.8404527340102762,0.6458442596114855,0.6482859866657122
0.69,0.8465874254994021,0.645541245979532,0.6478779027977902
0.695,0.8527221169885283,0.6452399064560416,0.6475865282056327
0.7,0.8588568084776543,0.6449368928240881,0.6474070797221999
0.705,0.8649914999667805,0.6451880090936631,0.6473759891364429
0.71,0.8711261914559065,0.6450122277049601,0.6474512442978648
0.715,0.8772608829450327,0.645419036061673,0.6476701539093737
0.72,0.8833955744341587,0.645717027368235,0.6480073671856601
0.725,0.8895302659232849,0.6461137910741628,0.6484642393573853
0.73,0.895664957412411,0.6470044167769232,0.649063012151283
0.735,0.9017996489015371,0.647412899242099,0.6497569699692672
0.74,0.9079343403906632,0.6484458241642839,0.650593306726128
0.745,0.9140690318797893,0.6492360033592134,0.6515396563248979
0.75,0.9202037233689154,0.6502438166544393,0.6525995264214057
0.755,0.9263384148580416,0.6517086615602935,0.6537945209867801
0.76,0.9324731063471676,0.6528353365564551,0.6550749748032606
0.765,0.9386077978362938,0.6545010744779688,0.6564862482382721
0.77,0.9447424893254198,0.6559943792277079,0.6579975695838604
0.775,0.950877180814546,0.657651746606902,0.659609018559476
0.78,0.9570118723036721,0.6596221722688345,0.6613384523220665
0.785,0.9631465637927982,0.6612276422856501,0.6631416265765163
0.79,0.9692812552819243,0.6634073315055617,0.6650612709483785
0.795,0.9754159467710504,0.6654145875536989,0.6670694039104719
0.8,0.9815506382601765,0.6674971784827055,0.6691647499515859
0.805,0.9876853297493026,0.6700317786969515,0.6713638907174577
0.81,0.9938200212384287,0.6720775392397537,0.6736217049990142
0.815,0.9999547127275547,0.6746489698402017,0.6759670512373941
0.82,1.0060894042166808,0.6771567843190259,0.6783803981671858
0.825,1.0122240957058068,0.6795574558561623,0.6808528969293663
0.83,1.0183587871949331,0.6824319000885639,0.6833987375861529
0.835,1.0244934786840592,0.6848710761203702,0.685984198809917
0.84,1.0306281701731852,0.6877254310512042,0.6886395739919087
0.845,1.0367628616623112,0.690616616368245,0.6913392731884666
0.85,1.0428975531514375,0.6932382702226086,0.694070381848584
0.855,1.0490322446405635,0.6964257727377463,0.6968529095543765
0.86,1.0551669361296896,0.6991227614729819,0.6996462791054585
0.865,1.0613016276188159,0.7020876075624318,0.7024790300651658
0.87,1.067436319107942,0.7051813600035952,0.7053351388239163
0.875,1.073571010597068,0.7079168532334983,0.7081904503881599
0.88,1.0797057020861942,0.711114400399421,0.7110719896516704
0.885,1.0858403935753203,0.713916857967879,0.7139395780113156
0.89,1.0919750850644463,0.7169905211074771,0.7168160949494347
0.895,1.0981097765535723,0.7201010146332772,0.7196910174985405
0.9,1.1042444680426986,0.7227678694161651,0.7225315809644124
0.905,1.1103791595318246,0.7259302603043462,0.7253732605025935
0.91,1.1165138510209507,0.7286925392696713,0.7281700579900539
0.915,1.122648542510077,0.7315653093936099,0.730946766175948
0.92,1.128783233999203,0.73462725377396,0.7336972466625755
0.925,1.134917925488329,0.7371183271681447,0.7363831543941695
0.93,1.141052616977455,0.7400697803898814,0.7390431533042994
0.935,1.1471873084665813,0.7426512556411144,0.7416338760118067
0.94,1.1533219999557072,0.745277931820867,0.7441742160264978
0.945,1.1594566914448334,0.7480988045824272,0.746659151022981
0.95,1.1655913829339595,0.7502684491515562,0.7490536841624174
0.955,1.1717260744230855,0.752913540524411,0.7514019003010209
0.96,1.1778607659122118,0.7551585199744121,0.7536536559043274
0.965,1.1839954574013378,0.7574336333767611,0.7558315912963238
0.97,1.1901301488904639,0.7598476977816109,0.7579294086404083
0.975,1.1962648403795901,0.7615854223670683,0.7599141838034589
0.98,1.2023995318687162,0.7637768303462256,0.7618343064920251
0.985,1.2085342233578422,0.7655195772570766,0.7636336542128435
0.99,1.2146689148469683,0.7672639982763907,0.7653386938235323
0.995,1.2208036063360945,0.7691741560336252,0.7669452799126576
1.0,1.2269382978252206,0.7703862105614413,0.7684183359219297
1.005,1.2330729893143466,0.7720804083268399,0.7698095200553752
1.01,1.2392076808034729,0.7732171279737817,0.7710631084169838
1.015,1.2453423722925987,0.774429182501598,0.7722132209316374
1.02,1.251477063781725,0.7756194736193835,0.7732392102616152
1.025,1.257611755270851,0.7763075321980192,0.7741295968060226
1.03,1.2637464467599773,0.777440903628035,0.7749259941181034
1.035,1.269881138249103,0.777856082527065,0.7755713230711859
1.04,1.2760158297382294,0.7784570874655806,0.7761101468381882
1.045,1.2821505212273554,0.7790162396925028,0.7765133678196201
1.05,1.2882852127164817,0.7790329807771397,0.7767814643321854
1.055,1.2944199042056077,0.7794833159539112,0.7769418598669108
1.06,1.300554595694734,0.7792388961181904,0.7769532597483549
1.065,1.3066892871838598,0.7793108827821366,0.7768599082716336
1.07,1.312823978672986,0.7789794093062983,0.7766251344894437
1.075,1.318958670162112,0.7785458152141636,0.7762645634141143
1.08,1.3250933616512384,0.778309765920765,0.775782260737629
1.085,1.3312280531403642,0.7773287383609585,0.7751634783616159
1.09,1.3373627446294905,0.7768348763641256,0.7744368355688617
1.095,1.3434974361186165,0.7757316388864601,0.7735749088683394
1.1,1.3496321276077428,0.7748041827974975,0.7726000197062336
1.105,1.3557668190968688,0.7737545167906733,0.7715040366985775
1.11,1.3619015105859948,0.7723198058371694,0.7702849668591043
1.115,1.3680362020751209,0.7712567469626342,0.7689590729557484
1.12,1.3741708935642472,0.7694989330756092,0.7675139984736574
1.125,1.3803055850533732,0.768047481037466,0.7659710285061576
1.13,1.386440276542499,0.7661791759918274,0.7643127842130054
1.135,1.3925749680316253,0.7644464737317589,0.7625524193035593
1.14,1.3987096595207513,0.7625965838792249,0.760695593858816
1.145,1.4048443510098776,0.7603566267546151,0.7587388799423976
1.15,1.4109790424990036,0.7585435672882833,0.7566970256526756
1.155,1.41711373398813,0.7560173376163594,0.7545618198862323
1.16,1.4232484254772557,0.7538828493249718,0.7523472135469326
1.165,1.429383116966382,0.7513951241477154,0.7500494598205959
1.17,1.435517808455508,0.7489643186582287,0.7476774075662453
1.175,1.4416524999446343,0.7465770399888032,0.7452302595893743
1.18,1.4477871914337601,0.7437226850579669,0.7427223653911013
1.185,1.4539218829228864,0.7413421028223957,0.7401593850524231
1.19,1.4600565744120124,0.7383354040213523,0.7375347815783857
1.195,1.4661912659011387,0.7357438841193366,0.7348664121259366
1.2,1.4723259573902647,0.7328526988022981,0.7321506893197961
1.205,1.4784606488793908,0.7299648617021856,0.729396860616241
1.21,1.4845953403685168,0.7272477836653822,0.7266113035713236
1.215,1.490730031857643,0.7240669775840989,0.7237984824742809
1.22,1.4968647233467691,0.7214436496212723,0.720967963659192
1.225,1.5029994148358954,0.7181088255613166,0.7181171163841851
1.23,1.5091341063250212,0.7153817028737331,0.7152630803311519
1.235,1.5152687978141475,0.7123565888795851,0.7124020289664608
1.24,1.5214034893032735,0.709329800776974,0.7095421733935294
1.245,1.5275381807923998,0.7065608253777947,0.7066960295661113
1.25,1.5336728722815258,0.7033264478256676,0.7038597709505751
1.255,1.5398075637706516,0.7007131645136236,0.7010497400343054
1.26,1.545942255259778,0.6975206396730946,0.6982577257138846
1.265,1.552076946748904,0.6948136062870764,0.6955022229018655
1.27,1.5582116382380302,0.6919542290308488,0.6927827532815444
1.275,1.564346329727156,0.6890965258830841,0.6900999546085261
1.28,1.5704810212162823,0.6866422828751038,0.6874795762653736
1.285,1.5766157127054083,0.6836406063994518,0.6849003331587609
1.29,1.5827504041945346,0.681285135790837,0.6823918012048825
1.295,1.5888850956836607,0.6785663836455733,0.6799370001607483
1.3,1.5950197871727867,0.6761824531930737,0.6775543452194602
1.305,1.6011544786619127,0.6738420495606353,0.6752494167425643
1.31,1.607289170151039,0.6713325609733483,0.6730116120431232
1.315,1.613423861640165,0.6693822246129834,0.6708736958153573
1.32,1.6195585531292913,0.6669581155573534,0.668804497754059
1.325,1.6256932446184171,0.6651048774878887,0.6668425223538971
1.33,1.6318279361075434,0.6630808803551148,0.6649664845215453
1.335,1.6379626275966694,0.6612175976348674,0.6631825226547041
1.34,1.6440973190857957,0.6596774178481413,0.6615162266970354
1.345,1.6502320105749215,0.6577789788501548,0.659936745221134
1.35,1.6563667020640478,0.6565250716107428,0.6584887211193688
1.355,1.6625013935531738,0.6549229498108555,0.6571329324220158
1.36,1.6686360850423,0.653719265825359,0.6558995130814239
1.365,1.6747707765314261,0.6526243988900106,0.6547895791699025
1.37,1.6809054680205524,0.6513604469998159,0.6537820050330267
1.375,1.6870401595096782,0.650752745627446,0.652923665707784
1.38,1.6931748509988043,0.6496997314036935,0.6521625841123452
1.385,1.6993095424879305,0.6491790836714413,0.6515408521166577
1.39,1.7054442339770566,0.6486483912884063,0.6510414894777314
1.395,1.7115789254661826,0.6481160247969086,0.6506576403228096
1.4,1.7177136169553087,0.6481578775085044,0.6504278091465605
1.405,1.723848308444435,0.6477108905486612,0.6502990622337467
1.41,1.729982999933561,0.6479402434082056,0.6503205067659737
1.415,1.7361176914226872,0.6480239488313972,0.6504617696325411
1.42,1.742252382911813,0.6482231677385938,0.6507262787698269
1.425,1.7483870744009393,0.6489329897272575,0.6511427331800681
1.43,1.7545217658900654,0.6491221639836715,0.651655488686705
1.435,1.7606564573791916,0.6500245084456776,0.6523177978827778
1.44,1.7667911488683175,0.6507309822174154,0.6530941856127431
1.445,1.7729258403574437,0.6516165855947846,0.6539909497132034
1.45,1.7790605318465698,0.652952524148923,0.6550291361191319
1.455,1.785195223335696,0.6538213864416529,0.6561565285903476
1.46,1.791329914824822,0.6553732849876246,0.6574266985976931
1.465,1.7974646063139483,0.6566857860232719,0.658797952868474
1.47,1.8035992978030742,0.6581790907730108,0.6602776255921506
1.475,1.8097339892922004,0.6601059896148822,0.661883255047868
1.48,1.8158686807813265,0.6615206112668209,0.6635642991039089
1.485,1.8220033722704527,0.6636082245212213,0.6653740900727636
1.49,1.8281380637595785,0.6654832260007142,0.6672708549622868
1.495,1.8342727552487048,0.6674804373980686,0.6692592972200677
1.5,1.8404074467378309,0.6699179393214096,0.6713521719582113
1.505,1.846542138226957,0.6718331194040353,0.6735042782481943
1.51,1.8526768297160832,0.6743844607029182,0.6757614547741455
1.515,1.858811521205209,0.6767365830946022,0.678086313113706
1.52,1.8649462126943352,0.6790970760286081,0.6804789329863264
1.525,1.8710809041834613,0.6819413863086619,0.682955178562688
1.53,1.8772155956725876,0.6842349149041131,0.6854674573307472
1.535,1.8833502871617134,0.6871277743296169,0.6880599338661691
1.54,1.8894849786508396,0.6898565711256658,0.6906960169411013
1.545,1.8956196701399657,0.692488269630812,0.6933703653523499
1.55,1.901754361629092,0.6955669550958015,0.6961033872792832
1.555,1.907889053118218,0.6981467562385668,0.6988435042373251
1.56,1.9140237446073443,0.7012220934866303,0.7016341633270846
1.565,1.92015843609647,0.7041953101183975,0.7044411649042291
1.57,1.9262931275855963,0.7069308033483006,0.7072556601097357
1.575,1.9324278190747224,0.7101802478766017,0.7101015647788017
1.58,1.9385625105638487,0.7128638437441264,0.7129268221101471
1.585,1.9446972020529745,0.715962618510681,0.7157712918291013
1.59,1.9508318935421007,0.7189659690947985,0.7186024483997955
1.595,1.9569665850312268,0.7216445426369318,0.721408015026828
1.6,1.963101276520353,0.7248738978636677,0.7242153354817753
1.605,1.969235968009479,0.7274603954402897,0.7269726718411594
1.61,1.9753706594986051,0.7304369602889853,0.729716376174481
1.615,1.9815053509877312,0.733331493822952,0.7324171914433482
1.62,1.9876400424768574,0.7358409824102391,0.7350608478660929
1.625,1.9937747339659835,0.7388610740789959,0.7376799506980349
1.63,1.9999094254551093,0.7412717902669149,0.7402143914733773
1.635,2.006044116944236,0.7439687790021505,0.7427061823426172
1.64,2.0121788084333616,0.7465820623141946,0.7451276606563761
1.645,2.018313499922488,0.7487734702933518,0.747463440560677
1.65,2.0244481914116137,0.7514419991847026,0.7497476419804016
1.655,2.03058288290074,0.7534710186428678,0.7519210333637105
1.66,2.0367175743898662,0.755764547238319,0.7540283373224232
1.665,2.0428522658789925,0.7579392141328394,0.7560369486012207
1.67,2.0489869573681183,0.7597120949960383,0.7579406490829512
1.675,2.0551216488572446,0.7619319628190829,0.7597698118783158
1.68,2.0612563403463704,0.7634035041587913,0.7614644082409684
1.685,2.0673910318354967,0.7651914519981666,0.7630717915246005
1.69,2.0735257233246225,0.7668136630996192,0.7645575229265272
1.695,2.0796604148137487,0.7680173470851157,0.7659227982385085
1.7,2.085795106302875,0.7696127724511487,0.7671940045987127
1.705,2.0919297977920013,0.7705151169131548,0.7683136642832147
1.71,2.098064489281127,0.7717137785732601,0.769337262029673
1.715,2.1041991807702534,0.7726177971437315,0.7702170458871426
1.72,2.110333872259379,0.773309203939293,0.7709696772208119
1.725,2.1164685637485054,0.774253401112895,0.7716067153510257
1.73,2.1226032552376317,0.7744475976947002,0.7720866264439914
1.735,2.128737946726758,0.7750268392231876,0.7724648952373669
1.74,2.134872638215884,0.7751691384426119,0.7726876313825072
1.745,2.14100732970501,0.7752528438658036,0.7727833744427484
1.75,2.147142021194136,0.7754688038576395,0.7727486167622611
1.755,2.153276712683262,0.7749548525592415,0.7725677333287168
1.76,2.1594114041723884,0.7749665713184894,0.7722731699585326
1.765,2.1655460956615142,0.774240008245184,0.7718269801931957
1.77,2.1716807871506405,0.7737444721398906,0.7712641608715449
1.775,2.1778154786397663,0.7730898957305312,0.7705609555972843
1.78,2.1839501701288926,0.7720100957713593,0.7697221475374532
1.785,2.1900848616180184,0.7713471488196801,0.7687690217853775
1.79,2.1962195531071447,0.769868911046115,0.7676788582976195
1.795,2.202354244596271,0.7688242673646846,0.7664816315876267
1.8,2.208488936085397,0.7672874357948842,0.7651490412504154
1.805,2.214623627574523,0.7658142203467129,0.7637030101349166
1.81,2.2207583190636493,0.764329286139291,0.7621441759967357
1.815,2.226893010552775,0.7623437935011845,0.7604662409992706
1.82,2.2330277020419014,0.760798591389067,0.7586924035026632
1.825,2.2391623935310276,0.7585418931798203,0.7568075168112882
1.83,2.245297085020154,0.7566384318564402,0.7548339023713301
1.835,2.2514317765092797,0.754431956901109,0.7527588050706832
1.84,2.257566467998406,0.7521334059802665,0.7505921898406802
1.845,2.263701159487532,0.7500273775327638,0.7483457754405679
1.85,2.269835850976658,0.7472684467843648,0.746014220667152
1.855,2.2759705424657843,0.7451021504321664,0.7436161798718867
1.86,2.28210523395491,0.7422193356574452,0.7411392965399198
1.865,2.2882399254440364,0.7397299363717234,0.738606131275788
1.87,2.2943746169331627,0.7369894208164289,0.7360097484872838
1.875,2.3005093084222885,0.7341618516210144,0.7333578809611212
1.88,2.3066439999114143,0.7316439924914102,0.7306643201622639
1.885,2.3127786914005406,0.7284330524577766,0.727925638154334
1.89,2.318913382889667,0.7258482289896174,0.725157938266364
1.895,2.325048074378793,0.722694208643756,0.7223526905171339
1.9,2.331182765867919,0.7198616171229503,0.7195273534663378
1.905,2.337317457357045,0.7169285790943136,0.7166857536476074
1.91,2.343452148846171,0.7137996703754086,0.7138281302192946
1.915,2.3495868403352973,0.7111328155925233,0.7109747319218664
1.92,2.3557215318244236,0.7078197549425957,0.7081176665297083
1.925,2.36185622331355,0.7051093733396515,0.7052770233443857
1.93,2.3679909148026757,0.7019771164038183,0.7024417213622571
1.935,2.374125606291802,0.6991261096899103,0.6996285016679613
1.94,2.3802602977809277,0.6963102592537415,0.696845017328761
1.945,2.386394989270054,0.6932232032464347,0.6940864054581664
1.95,2.3925296807591803,0.6906952994660455,0.6913780965609373
1.955,2.398664372248306,0.6875948505910253,0.6887036684302383
1.96,2.4047990637374324,0.685092058437595,0.6860923781044609
1.965,2.4109337552265586,0.6822979714114568,0.6835297166435854
1.97,2.4170684467156844,0.6797315631363999,0.6810250909427893
1.975,2.4232031382048107,0.6773359139246548,0.6785972350729776
1.98,2.4293378296939365,0.6746205099963168,0.6762292485106106
1.985,2.435472521183063,0.6725663789111951,0.6739553309000211
1.99,2.441607212672189,0.6699798813345706,0.6717457468861129
1.995,2.4477419041613153,0.6679173797071292,0.6696323842491501
2.0,2.453876595650441,0.6658197218019463,0.6676095829081354
2.005,2.460011287139567,0.6636986263782697,0.6664552970802399
2.01,2.4661459786286932,0.6620914822529886,0.6645746036319695
2.015,2.4722806701178195,0.659983779697023,0.6621110135184003
2.02,2.4784153616069458,0.6585356758758057,0.6604974121176168
2.025,2.4845500530960716,0.656834781676553,0.6595357045666776
2.03,2.4906847445851974,0.6553816555299443,0.6580605638937709
2.035,2.496819436074324,0.6542248465814349,0.6562909355841582
2.04,2.50295412756345,0.6527248453978416,0.6551044710000044
2.045,2.509088819052576,0.6519296438775207,0.6543607004832761
2.05,2.515223510541702,0.6507443750851264,0.6533711349703041
2.055,2.5213582020308283,0.6499809816256188,0.651743483016342
2.06,2.5274928935199545,0.6493649097109269,0.6511064847458534
2.065,2.5336275850090804,0.6485663599736801,0.6511064847458534
2.07,2.539762276498206,0.6484123419950053,0.6506039173850107
2.075,2.545896967987333,0.6478331004665203,0.6499671702307916
2.08,2.5520316594764587,0.6477678102364309,0.649840691336349
2.085,2.558166350965585,0.6477510691517916,0.6500379013133886
2.09,2.564301042454711,0.647650622643963,0.6498285540499863
2.095,2.5704357339438375,0.6481260694476911,0.6501858925015913
2.1,2.5765704254329633,0.6481813150269979,0.6505439843020053
2.105,2.582705116922089,0.6487839940739765,0.6509736482252206
2.11,2.5888398084112154,0.6493515168432159,0.6510232815552006
2.115,2.5949744999003417,0.6499324324801663,0.6523244823587151
2.12,2.601109191389468,0.6509720538362078,0.6531401080022949
2.125,2.6072438828785938,0.6516634606317718,0.6537709240293849
2.13,2.6133785743677196,0.652852077641092,0.654067815207528
2.135,2.619513265856846,0.6539821008541795,0.6550992334320958
2.14,2.625647957345972,0.655125516934978,0.6574621538233733
2.145,2.631782648835098,0.6566757413724867,0.6582733988831392
2.15,2.637917340324224,0.6579062110934053,0.6587807653549117
2.155,2.64405203181335,0.6595669266895277,0.6601953033014276
2.16,2.6501867233024767,0.6611757449232716,0.6632681293867939
2.165,2.6563214147916026,0.6627795408316243,0.664208511984682
2.17,2.6624561062807284,0.6647248548665978,0.6649223159599077
2.175,2.6685907977698546,0.6663872445711856,0.6666415416468414
2.18,2.674725489258981,0.6683961747277857,0.6702799652767135
2.185,2.680860180748107,0.6703699486066441,0.6721845147705937
2.19,2.686994872237233,0.6722901510146612,0.6721845147705937
2.195,2.693129563726359,0.6744983000784578,0.6741409616268524
2.2,2.6992642552154855,0.6764720739573162,0.678177404544001
2.205,2.7053989467046113,0.6786952899972891,0.6802486115354556
2.21,2.7115336381937376,0.680896742627229,0.681341178564651
2.215,2.7176683296828634,0.6830161639424426,0.68234945024672
2.22,2.7238030211719897,0.685356567574881,0.6866118978064862
2.225,2.729937712661116,0.6874927299747314,0.6887671450428254
2.23,2.7360724041502418,0.6897912808955764,0.6898521068364281
2.235,2.742207095639368,0.6920730907317796,0.6909249034418602
2.24,2.7483417871284943,0.6942544540601543,0.6952410898833152
2.245,2.75447647861762,0.69658481304181,0.6973831116627901
2.25,2.7606111701067464,0.6987259977670542,0.6984173240541034
2.255,2.766745861595872,0.7009910665186205,0.6995145865589427
2.26,2.772880553084998,0.7031925191485604,0.7016225402311783
2.265,2.7790152445741247,0.7052818065114262,0.7057548258578812
2.27,2.7851499360632506,0.7074715403821206,0.7066982617107295
2.275,2.791284627552377,0.7094921892979661,0.707765346417522
2.28,2.7974193190415026,0.7115513427084816,0.7097377810096104
2.285,2.8035540105306294,0.7135468799973707,0.7135298040910393
2.29,2.809688702019755,0.7154369484530375,0.7143401682508754
2.295,2.815823393508881,0.7173387356679523,0.7153444539604115
2.3,2.8219580849980073,0.7191015718803686,0.7170929765454624
2.305,2.8280927764871335,0.7208543634420023,0.7203896309324429
2.31,2.83422746797626,0.7225201013635184,0.7219234491070071
2.315,2.8403621594653856,0.724038517740214,0.7219234491070071
2.32,2.8464968509545114,0.7255669787676946,0.7233800071759653
2.325,2.852631542443638,0.7269414218165005,0.7260297860525207
2.33,2.858766233932764,0.7282438782013626,0.7272191564106512
2.335,2.86490092542189,0.7294609550545701,0.7276064414738963
2.34,2.871035616911016,0.7305474514475989,0.7283094195477224
2.345,2.8771703084001423,0.7315552647428273,0.7301901967014162
2.35,2.8833049998892686,0.7324291493609459,0.7309694104859076
2.355,2.8894396913783944,0.7332210026643409,0.731127091573338
2.36,2.8955743828675202,0.7338688826398436,0.7316407279799046
2.365,2.901709074356647,0.7344129678905895,0.7326410914924684
2.37,2.9078437658457728,0.7348465619827218,0.7329700538056116
2.375,2.913978457334899,0.7351127452284731,0.7328781293070572
2.38,2.920113148824025,0.7353387498710892,0.7331749646815849
2.385,2.9262478403131507,0.7353521427388001,0.7332604279186636
2.39,2.9323825318022774,0.7352567185563604,0.7330639712904328
2.395,2.938517223291403,0.7351345086385013,0.7327252274006936
2.4,2.9446519147805295,0.7346858475701951,0.732783725533587
2.405,2.9507866062696553,0.7342807133219478,0.7323790935178784
2.41,2.9569212977587815,0.7337014717934603,0.7311928202604061
2.415,2.963055989247908,0.7328644175615436,0.7306033347825102
2.42,2.9691906807370336,0.7321462250305603,0.7304128531271062
2.425,2.9753253722261594,0.7310396393359663,0.7295099227271379
2.43,2.981460063715286,0.7299531429429376,0.727345635305094
2.435,2.987594755204412,0.7288130750790675,0.7260875427945231
2.44,2.9937294466935382,0.7272661988584845,0.7260875427945231
2.445,2.999864138182664,0.7259503496059114,0.7247156109084119
2.45,3.0059988296717908,0.7243365090467762,0.7216282200794104
2.455,3.0121335211609166,0.7225067084958074,0.7199201272137612
2.46,3.0182682126500424,0.7208577116589306,0.7188511730858507
2.465,3.0244029041391687,0.7188136252245915,0.7181086581504702
2.47,3.030537595628295,0.7167879539833522,0.7141969363138772
2.475,3.036672287117421,0.7147756756098238,0.7121065607805115
2.48,3.042806978606547,0.7123900710488612,0.7108786699838229
2.485,3.048941670095673,0.7101902925273843,0.709924946335867
2.49,3.0550763615847996,0.7078180808341328,0.7053236592230212
2.495,3.0612110530739254,0.7052399537998304,0.7029075858880168
2.5,3.0673457445630516,0.7028325858288372,0.701568155621939
2.505,3.0734804360521775,0.7001188560089623,0.700429737950697
2.51,3.0796151275413033,0.6974720905276421,0.6978939658605285
2.515,3.08574981903043,0.6948286732632504,0.6926555130663475
2.52,3.091884510519556,0.691947532596992,0.6912481538563634
2.525,3.0980192020086816,0.6892321286686542,0.6899711638500141
2.53,3.104153893497808,0.6863208540500481,0.6872462175034325
2.535,3.110288584986934,0.6834581285768945,0.6817209062239737
2.54,3.1164232764760604,0.6805954031037386,0.680299803380696
2.545,3.1225579679651863,0.6776288829058256,0.6789238895080241
2.55,3.128692659454312,0.6747795503003806,0.6761231060480308
2.555,3.134827350943439,0.6717912666924395,0.6705045469271366
2.56,3.1409620424325646,0.6689134742431095,0.6677075302111871
2.565,3.147096733921691,0.6659888067567925,0.6677075302111871
2.57,3.1532314254108167,0.66310096965668,0.6649202233243278
2.575,3.1593661168999434,0.6602767486781939,0.6594260504622964
2.58,3.165500808389069,0.6574006303373269,0.6567296476650233
2.585,3.171635499878195,0.6546735076497434,0.6554711007535838
2.59,3.1777701913673213,0.6518777465151423,0.6540717493624183
2.595,3.1839048828564476,0.6492242845999654,0.6489052832321823
2.6,3.1900395743455734,0.646574170901717,0.6464060904119486
2.605,3.1961742658346997,0.6440060885181972,0.6453007323968949
2.61,3.2023089573238255,0.6415317562086517,0.6439762056821178
2.615,3.208443648812952,0.6390825355260626,0.6393327310359831
2.62,3.214578340302078,0.6367957033644658,0.6371312784060421
2.625,3.220713031791204,0.6345005006605515,0.6362198100529082
2.63,3.22684772328033,0.6323927981045859,0.6350169631216439
2.635,3.232982414769456,0.6303001625247943,0.6329956445624115
2.64,3.2391171062585826,0.6283749377913859,0.6292460601305409
2.645,3.2452517977477084,0.6265200256134583,0.6285604449530681
2.65,3.2513864892368343,0.6247956938957094,0.6275272529707231
2.655,3.2575211807259605,0.6231935720958197,0.6259178487990169
2.66,3.263655872215087,0.6216852003699068,0.6230416467527279
2.665,3.269790563704213,0.620347587707303,0.622606039744466
2.67,3.275925255193339,0.6190719170578628,0.6217822149553861
2.675,3.2820599466824647,0.6179904429902279,0.6206423145023621
2.68,3.2881946381715914,0.6169742591526798,0.6187413643416793
2.685,3.2943293296607172,0.6161505977884741,0.617983579145525
2.69,3.300464021149843,0.6154089677389947,0.617983579145525
2.695,3.3065987126389693,0.614848141403612,0.6173544491848164
2.7,3.3127334041280956,0.6143860874675924,0.6164915299771334
2.705,3.318868095617222,0.6140964667033499,0.6162578244355824
2.71,3.3250027871063477,0.613917337097721,0.6164213250429109
2.715,3.3311374785954735,0.6138938995792275,0.6161581312765612
2.72,3.3372721700846,0.6139976943039843,0.6163545041993687
2.725,3.343406861573726,0.6142471364650963,0.6166493146998496
2.73,3.3495415530628523,0.6146271590863848,0.6170723140769899
2.735,3.355676244551978,0.6151444586017111,0.6170772168232055
2.74,3.361810936041105,0.6157923385772138,0.6183176474894828
2.745,3.3679456275302306,0.6165707990128954,0.6191270789317461
2.75,3.3740803190193565,0.6174865363426124,0.6197915445389592
2.755,3.3802150105084827,0.6185194612647973,0.6200618173925275
2.76,3.3863497019976085,0.6196913371894807,0.6211165894301659
2.765,3.392484393486735,0.6209670078389233,0.6235797889184271
2.77,3.398619084975861,0.6223799553823967,0.6244580820221697
2.775,3.404753776464987,0.6238866529998467,0.6249811014080788
2.78,3.410888467954113,0.6255323016197951,0.6264912309478796
2.785,3.4170231594432394,0.627256633337544,0.6298206978607512
2.79,3.4231578509323652,0.6291115455154717,0.6308773313475624
2.795,3.4292925424214915,0.6310367702488799,0.6316315809860797
2.8,3.4354272339106173,0.6330808566832216,0.6335346237823425
2.805,3.441561925399744,0.6351919074561155,0.6375947553342545
2.81,3.44769661688887,0.6374000565199097,0.6397412972065817
2.815,3.4538313083779957,0.639675169922261,0.6397412972065817
2.82,3.459965999867122,0.642023944097019,0.6419592398048911
2.825,3.466100691356248,0.644449727261112,0.646583545909115
2.83,3.4722353828453745,0.6469089925944836,0.6489776884232432
2.835,3.4783700743345003,0.6494519633510468,0.6502689282813978
2.84,3.484504765823626,0.652010001083784,0.6514195430285905
2.845,3.490639457312753,0.6546316549381477,0.6564174264365186
2.85,3.4967741488018786,0.6572667016602222,0.6589607320147742
2.855,3.502908840291005,0.6599419269854272,0.6602714871944502
2.86,3.5090435317801307,0.6626221746360236,0.6615254661813668
2.865,3.515178223269257,0.6653258598051158,0.6666906767302551
2.87,3.5213129147583833,0.6680228485403515,0.6692785972990718
2.875,3.527447606247509,0.6707298819263697,0.6705542599765677
2.88,3.533582297736635,0.6734151519023573,0.6718594866123405
2.885,3.539716989225761,0.6760937254444908,0.6744289919880553
2.89,3.5458516807148874,0.6787421650342763,0.6795026288039718
2.895,3.5519863722040137,0.6813638188886374,0.6806907475667268
2.9,3.5581210636931395,0.6839469682483336,0.6819937021981558
2.905,3.5642557551822653,0.6864865907879685,0.6844464385085179
2.91,3.570390446671392,0.6889759900736879,0.6892091933827006
2.915,3.576525138160518,0.6914034473462463,0.6902600312654488
2.92,3.582659829649644,0.6937823554733545,0.6915067398384654
2.925,3.58879452113877,0.6960675135264861,0.6937409212888742
2.93,3.5949292126278967,0.6982991001087763,0.6979937427249732
2.935,3.6010639041170225,0.7004419589424834,0.7000009150676862
2.94,3.6071985956061483,0.7024927418106792,0.7000009150676862
2.945,3.6133332870952746,0.7044531228218267,0.7019222056462044
2.95,3.619467978584401,0.7063214278674653,0.7054857966277435
2.955,3.6256026700735267,0.7080809158629557,0.7071186383179433
2.96,3.631737361562653,0.7097382832421498,0.7077095029423357
2.965,3.6378720530517787,0.711276788920413,0.7086461785857681
2.97,3.6440067445409055,0.7127064775485257,0.7113700367618482
2.975,3.6501414360300313,0.7140072598249249,0.7125596582362482
2.98,3.656276127519157,0.7151942027257822,0.7128991594607685
2.985,3.6624108190082834,0.7162371722987521,0.7136291624283682
2.99,3.6685455104974096,0.717167976604643,0.7153993647180255
2.995,3.674680201986536,0.7179631781249638,0.7160955427227107
3.0,3.6808148934756617,0.7186194286427863,0.7161701282407471
3.005,3.6869495849647875,0.7191434245919645,0.7166625632594112
3.01,3.693084276453914,0.7195267954301836,0.7170995055684718
3.015,3.69921896794304,0.7197745634828303,0.7175786354108208
3.02,3.7053536594321663,0.7198884028583722,0.7173859295827435
3.025,3.711488350921292,0.7198599430144873,0.7176199021844543
3.03,3.717623042410418,0.7196891839511756,0.7175291655057146
3.035,3.7237577338995447,0.7193911926446135,0.716953355899579
3.04,3.7298924253886705,0.7189475539016962,0.7165032758250499
3.045,3.7360271168777968,0.7183766829155309,0.7164700407860702
3.05,3.7421618083669226,0.7176618386014734,0.7158582378479622
3.055,3.748296499856049,0.7168197620441654,0.7142582086836536
3.06,3.754431191345175,0.7158454309182132,0.7132747536665747
3.065,3.760565882834301,0.7147522380913303,0.7132747536665747
3.07,3.7667005743234268,0.7135318130211967,0.7121726043594101
3.075,3.7728352658125535,0.7121925262501301,0.7096261179750729
3.08,3.7789699573016793,0.7107394001035214,0.7081893143859878
3.085,3.7851046487908055,0.7091757827983017,0.7072550223541301
3.09,3.7912393402799314,0.7075016743344683,0.706648213839606
3.095,3.797374031769058,0.7057271193628041,0.7032722904168627
3.1,3.803508723258184,0.7038638366425591,0.7014475121912843
3.105,3.8096434147473097,0.701898433306018,0.7003616814556695
3.11,3.815778106236436,0.6998576950886046,0.6995387774262448
3.115,3.8219127977255622,0.6977315773395368,0.695489527579348
3.12,3.8280474892146885,0.6955401693603795,0.6933606475513143
3.125,3.8341821807038143,0.6932784488257391,0.6921715442533435
3.13,3.84031687219294,0.6909531121694746,0.6911704951535043
3.135,3.8464515636820664,0.6885691817169776,0.6889247623546951
3.14,3.8525862551711927,0.6861400503359538,0.6842930064678073
3.145,3.8587209466603185,0.6836657180264083,0.683053711803702
3.15,3.8648556381494448,0.6811662740899063,0.6819200414257469
3.155,3.8709903296385706,0.6786450667433737,0.6795174446638765
3.16,3.8771250211276973,0.6760920513360278,0.6746515647083217
3.165,3.883259712616823,0.6735206207355796,0.6734172246080747
3.17,3.889394404105949,0.6709542124605228,0.6722015069715017
3.175,3.895529095595075,0.6683894782939289,0.6697486869557162
3.18,3.9016637870842015,0.6658247441273375,0.6648628014040185
3.185,3.9077984785733277,0.6632800992623114,0.6624432961466634
3.19,3.9139331700624536,0.6607622401327046,0.6624432961466634
3.195,3.9200678615515794,0.6582678185215939,0.6600484002837265
3.2,3.926202553040706,0.6558119014051507,0.6553579668951816
3.205,3.932337244529832,0.6533995111087662,0.6530748177722054
3.21,3.938471936018958,0.6510390181747602,0.6520443601670183
3.215,3.944606627508084,0.6487304226031351,0.6508419756085677
3.22,3.9507413189972103,0.646483769044671,0.6465507333832237
3.225,3.9568760104863365,0.6443107762586135,0.6445038009644948
3.23,3.9630107019754623,0.642203073702648,0.6436395384840682
3.235,3.9691453934645886,0.640179076569874,0.6425302782019047
3.24,3.975280084953715,0.6382421330772177,0.6388248065280558
3.245,3.9814147764428407,0.6363888950077554,0.6371025674458873
3.25,3.987549467931967,0.6346344293376587,0.6364420678813446
3.255,3.993684159421093,0.6329820842838535,0.6354735762051543
3.26,3.9998188509102186,0.6314352080632731,0.6339426040149788
3.265,4.005953542399345,0.6299887783505211,0.6311894489407817
3.27,4.012088233888472,0.6286612103387,0.6307610206690515
3.275,4.018222925377597,0.6274508299193492,0.6299748832502705
3.28,4.024357616866723,0.6263542888755379,0.6288724828268362
3.285,4.03049230835585,0.6253883282919054,0.6270169847109466
3.29,4.036626999844976,0.6245445776261345,0.6268386642577406
3.295,4.042761691334102,0.6238230368782226,0.6262684908167667
3.3,4.048896382823227,0.6232320765904896,0.6256426253675627
3.305,4.055031074312354,0.6227800673052551,0.6247640532457429
3.31,4.06116576580148,0.6224536161548057,0.6245136066195534
3.315,4.067300457290606,0.6222527231391461,0.6245136066195534
3.32,4.0734351487797325,0.6221924552344481,0.6243905596474614
3.325,4.079569840268858,0.6222627677899288,0.6245258276113391
3.33,4.085704531757985,0.6224653349140536,0.6247838914310392
3.335,4.091839223247111,0.6228068530406746,0.6251779486616178
3.34,4.097973914736237,0.6232722551936201,0.6251674296801035
3.345,4.104108606225363,0.6238715860236728,0.6263068279005883
3.35,4.110243297714489,0.6245981490969759,0.6270594233605046
3.355,4.116377989203615,0.6254469220881405,0.6276852848237361
3.36,4.122512680692741,0.626426275539484,0.6279305456996601
3.365,4.1286473721818675,0.6275278389086842,0.6300194982408315
3.37,4.134782063670993,0.6287449157618917,0.6312312179469541
3.375,4.140916755160119,0.6300724837737128,0.6320597302397326
3.38,4.147051446649245,0.6315155652695364,0.6325495783622229
3.385,4.153186138138372,0.633059093273191,0.6339708964480175
3.39,4.1593208296274975,0.6347064160016024,0.63710499490316
3.395,4.165455521116624,0.6364491629124535,0.6380976017131745
3.4,4.17159021260575,0.6382839857888135,0.6388089024976495
3.405,4.177724904094876,0.6402025140883676,0.64059701774787
3.41,4.1838595955840026,0.6422064219195763,0.6444059493247837
3.415,4.189994287073128,0.6442789681978027,0.6455153371580682
3.42,4.196128978562254,0.6464268493569012,0.6464147120705374
3.425,4.20226367005138,0.648629976095304,0.6484856679457225
3.43,4.208398361540507,0.6508916966299445,0.65278854522489
3.435,4.2145330530296325,0.653205314526961,0.655007994520817
3.44,4.220667744518758,0.6555557628101844,0.655007994520817
3.445,4.226802436007885,0.6579497379134641,0.6572640230866791
3.45,4.232937127497011,0.6603604541013856,0.6618590322927858
3.455,4.239071818986137,0.6627996301331895,0.6641847874761662
3.46,4.245206510475263,0.6652521990327068,0.665361813277362
3.465,4.251341201964389,0.6677030938237587,0.6665195828452513
3.47,4.257475893453516,0.6701640332655933,0.671190596575616
3.475,4.263610584942642,0.6726082316227909,0.6735125013095298
3.48,4.269745276431768,0.6750373630038122,0.6746294385747916
3.485,4.275879967920893,0.6774480791917313,0.675816325672034
3.49,4.28201465941002,0.6798269873188396,0.6803415245551986
3.495,4.288149350899146,0.6821690650597433,0.6825496736189948
3.5,4.294284042388272,0.6844642677636575,0.6835531541620791
3.505,4.300418733877398,0.6867176177559783,0.6847127891651138
3.51,4.306553425366524,0.6889023293012788,0.6868247606976626
3.515,4.31268811685565,0.6910334693757404,0.6908689045137449
3.52,4.318822808344777,0.6930926227862559,0.6917118819008455
3.525,4.324957499833903,0.6950680707735774,0.6927892743326082
3.53,4.3310921913230285,0.6969681838800292,0.6946342255651756
3.535,4.337226882812155,0.6987745469125043,0.6980764436830866
3.54,4.343361574301281,0.7004905080879335,0.6987185838581427
3.545,4.349496265790407,0.7021127191893884,0.699663163685108
3.55,4.355630957279533,0.7036227650237667,0.701154208388421
3.555,4.361765648768659,0.7050390607841684,0.703830438178705
3.56,4.367900340257785,0.7063281243013221,0.705007838661319
3.565,4.374035031746911,0.707510044876788,0.705007838661319
3.57,4.380169723236037,0.7085714296428578,0.7060733249931258
3.575,4.3863044147251635,0.70950725627414,0.7078561668016851
3.58,4.392439106214289,0.7103242212044915,0.7085684162476229
3.585,4.398573797703416,0.7110055833492728,0.708663904205622
3.59,4.404708489192542,0.7115613873592642,0.7091583720702779
3.595,4.410843180681669,0.7119899591260052,0.7099651249389993
3.6,4.416977872170794,0.7122728834563934,0.7101795782332163
3.605,4.42311256365992,0.7124335978689225,0.7100179390750607
3.61,4.429247255149046,0.7124503389535594,0.7102668829896053
3.615,4.435381946638173,0.7123431960118741,0.7100620558190552
3.62,4.441516638127299,0.7120987761761558,0.7097707609463482
3.625,4.447651329616424,0.7117187535548649,0.709361688557238
3.63,4.45378602110555,0.7112131727987866,0.7093544101713929
3.635,4.459920712594677,0.7105736633656036,0.708815096129769
3.64,4.466055404083803,0.7098119440145588,0.7073741072695244
3.645,4.472190095572929,0.7089263406371896,0.7067393172278191
3.65,4.478324787062055,0.707911830908107,0.7064767851329098
3.655,4.484459478551181,0.7067851559119479,0.7054672977292183
3.66,4.490594170040308,0.7055463156487122,0.7031208673063093
3.665,4.496728861529434,0.7041953101183975,0.7022942403785388
3.67,4.5028635530185595,0.7027455321887172,0.701791792596872
3.675,4.508998244507685,0.7011802407750345,0.7003653684802628
3.68,4.515132935996812,0.6995379403720143,0.6972368782884744
3.685,4.521267627485938,0.6977818005934523,0.6955451916857707
3.69,4.527402318975064,0.6959653929101921,0.6955451916857707
3.695,4.533537010464189,0.6940435163937121,0.6937764123883075
3.7,4.539671701953316,0.6920831353825622,0.6900296739408252
3.705,4.545806393442442,0.6900206337551208,0.6880636846663226
3.71,4.551941084931569,0.6879346946091833,0.6869743941065491
3.715,4.5580757764206945,0.6857617018231283,0.6860457980294409
3.72,4.56421046790982,0.683570293843971,0.6818786909466901
3.725,4.570345159398947,0.6813135956347244,0.6797440352444563
3.73,4.576479850888073,0.6790485268831556,0.6786301592060996
3.735,4.582614542377199,0.6767399313115305,0.6775847701478038
3.74,4.588749233866325,0.6744363580652967,0.6732231316615556
3.745,4.594883925355451,0.6721043249751756,0.6710359926589805
3.75,4.601018616844577,0.6697990776204763,0.6699597920330054
3.755,4.607153308333703,0.6674653704218947,0.6688536248655275
3.76,4.613287999822829,0.6651885829110804,0.6666859055211329
3.765,4.619422691311955,0.6629067730748748,0.6624201934498625
3.77,4.625557382801081,0.6606919275772238,0.6614445589108932
3.775,4.631692074290208,0.6584871267303557,0.6603382721642392
3.78,4.637826765779334,0.6563526384389681,0.6583014681017163
3.785,4.64396145726846,0.6542666992930307,0.6543896625597001
3.79,4.650096148757586,0.652247724485648,0.6535731400723007
3.795,4.656230840246712,0.6503007363422115,0.6525299791726509
3.8,4.662365531735838,0.6484357795135013,0.6507446262013958
3.805,4.668500223224965,0.6466662468672283,0.6474220231332257
3.81,4.67463491471409,0.6449804196441469,0.6458981659040214
3.815,4.680769606203216,0.6434017353627532,0.6458981659040214
3.82,4.686904297692342,0.6419318681315077,0.6444750062989167
3.825,4.693038989181469,0.6405775143842671,0.6419517063168041
3.83,4.699173680670595,0.6393303035787093,0.6408626987610805
3.835,4.70530837215972,0.6382220437756524,0.6405799856872368
3.84,4.711443063648847,0.6372426903243114,0.639895650006947
3.845,4.717577755137973,0.636397265550075,0.6383463463290924
3.85,4.7237124466271,0.6356891176698718,0.6377717923043047
3.855,4.7298471381162255,0.6351232690090978,0.637779521105046
3.86,4.735981829605351,0.6347114383269937,0.6373351848169369
3.865,4.742116521094478,0.6344435809727819,0.6368903741980965
3.87,4.748251212583604,0.6343364380310966,0.6368847659347427
3.875,4.75438590407273,0.6343766166342271,0.6371970907985336
3.88,4.7605205955618555,0.6345724873244952,0.637028069619247
3.885,4.766655287050981,0.6349257242103642,0.6373202852516091
3.89,4.772789978540108,0.6354480460510818,0.6383570606232609
3.895,4.778924670029234,0.6361143412196868,0.638972283525802
3.9,4.7850593615183605,0.6369446990177468,0.6391010344245883
3.905,4.791194053007486,0.6379340971198729,0.6399936690575043
3.91,4.797328744496612,0.639085883742991,0.642223916353023
3.915,4.803463435985739,0.6404000588871012,0.6431227970048982
3.92,4.809598127474865,0.6418197028644311,0.643556757806504
3.925,4.8157328189639905,0.6434435880743491,0.6450321495956801
3.93,4.821867510453117,0.6451746162259522,0.6483921689880171
3.935,4.828002201942243,0.6470814257662583,0.6502690119868207
3.94,4.834136893431369,0.6491188157667431,0.6502690119868207
3.945,4.840271584920495,0.6512767415766242,0.6522685671360232
3.95,4.846406276409621,0.653541810328193,0.6566184868630247
3.955,4.852540967898747,0.6559642452753576,0.6589565467436145
3.96,4.858675659387873,0.6584754079711076,0.6603288054794736
3.965,4.864810350877,0.6611004100423996,0.6627968399524172
3.97,4.870945042366126,0.6638442738146224,0.6665285393255327
3.975,4.877079733855252,0.6666383608407607,0.6692133907744053
3.98,4.883214425344378,0.6695111309646993,0.6706890655676314
3.985,4.889349116833504,0.6724625841864358,0.6734554899443909
3.99,4.895483808322631,0.6754391490351312,0.6776267902702463
3.995,4.9016184998117565,0.6785094639578035,0.6805225793855622
4.0,4.907753191300882,0.6815479708196601,0.6820182358590959
4.005,4.913887882790008,0.6846952947316672,0.6849357285948534
4.01,4.920022574279134,0.6877739801966567,0.6878636645786474
4.015,4.926157265768261,0.6909146076748072,0.6893330774090243
4.02,4.9322919572573864,0.694056909261423,0.6922843632199163
4.025,4.938426648746513,0.6971406170518039,0.6981465051222984
4.03,4.944561340235639,0.700202561432154,0.7010454750436953
4.035,4.950696031724765,0.7032695281378978,0.7039014203775718
4.04,4.9568307232138915,0.7061707581057213,0.7052303874657506
4.045,4.962965414703017,0.709192523882941,0.7080032691180133
4.05,4.969100106192143,0.7119313653297725,0.7107241736884463
4.055,4.975234797681269,0.7148091577790999,0.7121829838318856
4.06,4.981369489170395,0.7174509009350313,0.7148139289882229
4.065,4.987504180659522,0.7201261262602362,0.719844959743735
4.07,4.993638872148648,0.7226640746914081,0.7222257930955756
4.075,4.999773563637774,0.7250613980116163,0.723211189281278
4.08,5.0059082551269,0.7274905293926376,0.7254348836379526
4.085,5.012042946616026,0.7295814908639663,0.7275595664369092
4.09,5.018177638105152,0.7318097292293282,0.729566663046144
4.095,5.024312329594278,0.7336696637326471,0.7314668558720456
4.1,5.030447021083404,0.7356484599368993,0.7325805724715009
4.105,5.036581712572531,0.737314197858413,0.7359004132607054
4.11,5.0427164040616566,0.738909623224446,0.7373675182129857
4.115,5.048851095550783,0.7403995797572567,0.7378182639449278
4.12,5.054985787039909,0.7416735762982339,0.7390803822877567
4.125,5.061120478529035,0.7429191129953263,0.7402082530756766
4.13,5.067255170018161,0.7438381985419718,0.7411994050057166
4.135,5.0733898615072865,0.7448209002102412,0.7420469024856695
4.14,5.079524552996412,0.7454185569318308,0.7426701730667548
4.145,5.085659244485539,0.7460748074496533,0.7433089291511303
4.15,5.091793935974666,0.7463928880577806,0.7441687512581552
4.155,5.097928627463792,0.7467444508351866,0.7440509697557796
4.16,5.104063318952917,0.7467929999806366,0.7442006828841167
4.165,5.110198010442044,0.7468331785837695,0.7442108869738009
4.17,5.11633270193117,0.7466306114596446,0.7440797484774672
4.175,5.122467393420296,0.7463493612377218,0.7438154784985336
4.18,5.128602084909422,0.7458755885424566,0.7438602967736939
4.185,5.134736776398547,0.745287976471652,0.7433909604658581
4.19,5.140871467887675,0.74458485091684,0.7420609649967657
4.195,5.147006159376801,0.7437327297087495,0.7412085089669818
4.2,5.153140850865927,0.7427818361012933,0.7405339867510681
4.205,5.1592755423550525,0.7416953397082646,0.7395168462801133
4.21,5.165410233844178,0.7404581735534919,0.7383825182166902
4.215,5.171544925333304,0.7391239091078164,0.737145431781368
4.22,5.177679616822431,0.7376456713342513,0.7358018401599657
4.225,5.183814308311557,0.7361239067406273,0.7352604015949817
4.23,5.189948999800683,0.734451472385257,0.7321818835408386
4.235,5.196083691289809,0.7327355112098278,0.730517317495249
4.24,5.202218382778936,0.7309040365503937,0.7295272019180675
4.245,5.208353074268062,0.729025686853975,0.7277614160859767
4.25,5.2144877657571875,0.7270435424327943,0.7259293036709378
4.255,5.220622457246313,0.7250329381677314,0.7240381988624114
4.26,5.226757148735439,0.7229235615033004,0.7220949575331541
4.265,5.232891840224565,0.7208141848388718,0.7211767967321372
4.27,5.239026531713692,0.7186177545343209,0.7191579893356008
4.275,5.245161223202818,0.7164548063990485,0.7150321490264835
4.28,5.251295914691944,0.7141997822982648,0.7139651679549769
4.285,5.25743060618107,0.7119966555598619,0.7118804246008004
4.29,5.263565297670196,0.7097248903744389,0.7097904197628805
4.295,5.269699989159323,0.7075033484429313,0.7077010526805659
4.3,5.275834680648448,0.7052583689929326,0.7056227666018926
4.305,5.281969372137574,0.7030686351222383,0.7045517278103475
4.31,5.2881040636267,0.7008872717938637,0.7024858779659773
4.315,5.294238755115828,0.6987477611770848,0.69845261585491
4.32,5.3003734466049535,0.6966551255972931,0.6964998520372716
4.325,5.306508138094079,0.6945976462952406,0.6956333613981991
4.33,5.312642829583205,0.6926255465248451,0.6937685640083902
4.335,5.318777521072331,0.6906718619475518,0.691962200975914
4.34,5.324912212561457,0.688845409613509,0.6902239980737508
4.345,5.3310469040505835,0.687027327821786,0.6885562671659703
4.35,5.337181595539709,0.6853816792018375,0.6876089131021221
4.355,5.343316287028836,0.6837159412803238,0.684583715402552
4.36,5.349450978517962,0.6822812303268199,0.6832088538266289
4.365,5.355585670007088,0.6807912737940067,0.6827294130784223
4.37,5.361720361496214,0.6795624781815536,0.6815100243611463
4.375,5.36785505298534,0.6783035486167502,0.6803898863599404
4.38,5.373989744474466,0.6772940612130589,0.6793811164313049
4.385,5.380124435963592,0.6762661586162654,0.6784793300054534
4.39,5.386259127452718,0.675494394614438,0.6778697034083485
4.395,5.392393818941843,0.6747025413110456,0.6771373646608446
4.4,5.398528510430971,0.674176871253402,0.6760302767337116
4.405,5.404663201920097,0.6736461788703672,0.6760454154573918
4.41,5.410797893409223,0.6733900402754008,0.6757400899613688
4.415,5.4169325848983485,0.6731405981142888,0.6755554597136433
4.42,5.423067276387475,0.6731405981142888,0.6754979022702675
4.425,5.429201967876601,0.6731322275719691,0.6755615183918933
4.43,5.435336659365727,0.6734134777938944,0.6754244168806502
4.435,5.441471350854853,0.673688031581963,0.6756742775688774
4.44,5.447606042343979,0.6741986346634327,0.6765455673188797
4.445,5.453740733833106,0.674767831541135,0.6771647363342284
4.45,5.459875425322232,0.6754994169398294,0.677720719712985
4.455,5.466010116811358,0.6763481899309941,0.6785078695687894
4.46,5.4721448083004836,0.6773041058638416,0.6794103734696969
4.465,5.478279499789609,0.6784039951245813,0.6804214552624016
4.47,5.484414191278736,0.6795825674831188,0.6815377667299757
4.475,5.490548882767862,0.680898416735692,0.6819576251607601
4.48,5.496683574256989,0.6822912749776024,0.6846077388590084
4.485,5.502818265746114,0.6837979725950525,0.6860749275167118
4.49,5.50895295723524,0.6853883756356942,0.6869819674543618
4.495,5.515087648724367,0.6870859216180211,0.6885617678080659
4.5,5.521222340213493,0.6888403872881178,0.6902165841648399
4.505,5.527357031702619,0.6907070182252935,0.6919433871855587
4.51,5.533491723191744,0.6925987607894232,0.6937313350249327
4.515,5.53962641468087,0.6946227579221995,0.6945526964829872
4.52,5.545761106169996,0.696583138933347,0.6964379937295331
4.525,5.551895797659124,0.6987661763701871,0.7003418472563461
4.53,5.5580304891482495,0.7007818029606414,0.7013914175998288
4.535,5.564165180637375,0.7030318047360338,0.7033981156118104
4.54,5.570299872126501,0.7051227662073601,0.705423467975246
4.545,5.576434563615628,0.7073744420912179,0.7074649236677149
4.55,5.582569255104754,0.709518975033388,0.7095096478576606
4.555,5.5887039465938795,0.7117622803749237,0.7105431108861378
4.56,5.594838638083005,0.7138950945578483,0.7125981627309164
4.565,5.600973329572132,0.7161099400554991,0.7166574572285962
4.57,5.607108021061259,0.7182126202860735,0.7186488929517492
4.575,5.6132427125503845,0.720345434468998,0.7195613139523185
4.58,5.61937740403951,0.7223828244694829,0.7214763345960425
4.585,5.625512095528636,0.7244319332292158,0.7233521332700426
4.59,5.631646787017762,0.7263303722272023,0.725165192736374
4.595,5.637781478506888,0.728258945177539,0.726923724098455
4.6,5.6439161699960145,0.7300251296068812,0.7279011881988169
4.605,5.650050861485141,0.7318080551208652,0.7311433503552998
4.61,5.656185552974267,0.7334034804868982,0.7326415937250075
4.615,5.662320244463393,0.7350039281783225,0.7331942966483695
4.62,5.66845493595252,0.7364118533964069,0.7345474546038508
4.625,5.674589627441645,0.7378097339637063,0.735805826132499
4.63,5.680724318930771,0.7389816098883897,0.7369647077867251
4.635,5.686859010419897,0.7401735751146407,0.7380157290242096
4.64,5.692993701909023,0.7411060535289945,0.7386949188139593
4.645,5.699128393398149,0.7420519248110619,0.7395878045631448
4.65,5.705263084887276,0.7427349610643061,0.7410179117183744
4.655,5.711397776376402,0.7433895374736631,0.7410838915217121
4.66,5.717532467865528,0.7438599619520023,0.7415547943167531
4.665,5.723667159354654,0.7442483551156105,0.7419011753298653
4.67,5.72980185084378,0.7445262571206074,0.7421255855834696
4.675,5.735936542332906,0.7446384223876839,0.7422250754578917
4.68,5.742071233822032,0.7446819492077427,0.742445842532601
4.685,5.748205925311158,0.7444542704566612,0.7423613000551775
4.69,5.754340616800285,0.7441880872109123,0.7418133643549649
4.695,5.760475308289411,0.7436858546717623,0.7413538215816426
4.7,5.766609999778537,0.7432003632172517,0.7408731930136211
4.705,5.772744691267663,0.7424034875884654,0.7402444457062757
4.71,5.778879382756789,0.7416970138167275,0.7394985905259125
4.715,5.785014074245915,0.7406774817622536,0.7386450343677096
4.72,5.7911487657350404,0.7397165435040148,0.7376806681730907
4.725,5.797283457224167,0.7385011407592702,0.7373383887257149
4.73,5.803418148713294,0.7372907603399195,0.7349842574038725
4.735,5.80955284020242,0.7358644199287327,0.7336687429729923
4.74,5.8156875316915455,0.7344564947106483,0.732833486414688
4.745,5.821822223180671,0.7328610693446153,0.7313998118140415
4.75,5.827956914669798,0.731260621653191,0.7298946288661539
4.755,5.834091606158924,0.7295312676100508,0.7283148285124499
4.76,5.84022629764805,0.7277265786860387,0.7266799420183406
4.765,5.8463609891371755,0.7259352826297375,0.7259290884284213
4.77,5.852495680626301,0.7239966650286181,0.7241997343852814
4.775,5.858630372115429,0.7221216635491253,0.7206086043195125
4.78,5.864765063604555,0.7201160816094536,0.7196454976922142
4.785,5.870899755093681,0.7181439818390581,0.7178006301650699
4.79,5.877034446582806,0.7161283552486014,0.7159414928562576
4.795,5.883169138071932,0.714080920597334,0.7140690423991854
4.8,5.889303829561059,0.7120770127661252,0.7121951569920013
4.805,5.895438521050185,0.7100245557894664,0.7112418837589418
4.81,5.9015732125393106,0.7080708712121707,0.7093657941089472
4.815,5.907707904028437,0.706090400899458,0.7056709530238439
4.82,5.913842595517563,0.7041266716713798,0.7038701982547215
4.825,5.91997728700669,0.7022684112765262,0.7030581918742017
4.83,5.926111978495816,0.7003833651462482,0.7013276420393021
4.835,5.932246669984941,0.6985485422698883,0.6996484315306264
4.84,5.938381361474067,0.6968225364436764,0.6980246260401588
4.845,5.944516052963193,0.6951350351121321,0.6964641177935141
4.85,5.950650744452319,0.6935094757937489,0.6955832776533231
4.855,5.9567854359414465,0.6920094746101556,0.6927361213888816
4.86,5.962920127430572,0.6905630448974036,0.6914356739341758
4.865,5.969054818919698,0.6892019947163064,0.6909804559410518
4.87,5.975189510408824,0.6879815696461705,0.6898244441870495
4.875,5.981324201897951,0.6868180642638068,0.6887656901628508
4.88,5.9874588933870765,0.6857801170162307,0.687802998076696
4.885,5.993593584876202,0.684852660927268,0.6869478475294799
4.89,5.999728276365328,0.6840440665392362,0.6863678127924595
4.895,6.005862967854454,0.6833576820690636,0.6856682865708467
4.9,6.0119976593435815,0.6828002039506067,0.6846141841765939
4.905,6.018132350832707,0.6823582393161548,0.6846300045015772
4.91,6.024267042321833,0.6820619221180556,0.6843410214929394
4.915,6.030401733810959,0.6818760960785725,0.6841713785019374
4.92,6.036536425300085,0.681814154065409,0.6841213146869237
4.925,6.042671116789211,0.6818928371632094,0.6841909097673489
4.93,6.048805808278337,0.682051877467273,0.6840595520425259
4.935,6.054940499767463,0.6824252036547096,0.6843094964361762
4.94,6.06107519125659,0.68283201201142,0.6851677281401602
4.945,6.067209882745716,0.6834146017568333,0.6857691516057924
4.95,6.073344574234842,0.6841478612639931,0.6863076206212393
4.955,6.079479265723968,0.6849464110012423,0.6870717315558034
4.96,6.085613957213094,0.6859408314287597,0.6879428259931514
4.965,6.09174864870222,0.6870005420863641,0.6889162802051451
4.97,6.097883340191346,0.6881506546010192,0.6899885865359556
4.975,6.1040180316804715,0.6894430663350988,0.690397308159483
4.98,6.110152723169599,0.690779004889237,0.6929273045754514
4.985,6.116287414658725,0.6922488721204826,0.6943156427245085
4.99,6.122422106147851,0.6938124894257024,0.6951653285033821
4.995,6.128556797636977,0.6953861513817071,0.696654487841687
5.0,6.134691489126103,0.6970770009301774,0.6982081402155751
5.005,6.140826180615229,0.6988465335764504,0.6998183933994307
5.01,6.146960872104355,0.7006512225004625,0.7014803047873134
5.015,6.153095563593481,0.7025044605699248,0.7022572784552411
5.02,6.159230255082607,0.7043945290255941,0.7039907340641174
5.025,6.165364946571734,0.7062963162405088,0.7075462893250298
5.03,6.17149963806086,0.7082483267093391,0.7084680335153538
5.035,6.177634329549986,0.7101919666358497,0.7102665840416653
5.04,6.183769021039112,0.712159044080854,0.7120668086764409
5.045,6.1899037125282375,0.7141043581158275,0.713861771827473
5.05,6.196038404017363,0.7160413016084815,0.7156468497666233
5.055,6.20217309550649,0.7179631781249638,0.7165753422084455
5.06,6.208307786995616,0.7198465501467763,0.7183369228395141
5.065,6.2144424784847425,0.7216696542638908,0.721756791609433
5.07,6.220577169973868,0.7234743431879029,0.7233998453612622
5.075,6.226711861462995,0.7252304829664625,0.7240963143419422
5.08,6.232846552952121,0.726902917321833,0.7256408786984552
5.085,6.238981244441247,0.7285485659417814,0.7271190367525693
5.09,6.2451159359303725,0.7300535894507685,0.728524410948232
5.095,6.251250627419498,0.7315067155973747,0.7298503845710387
5.1,6.257385318908624,0.7328727881038632,0.7306376858937991
5.105,6.263520010397752,0.7340781461978229,0.7329547357131678
5.11,6.269654701886878,0.7352818301833194,0.7339664831632855
5.115,6.275789393376003,0.7362712282854454,0.734244281532996
5.12,6.281924084865129,0.7372556040621778,0.7350923370491034
5.125,6.288058776354255,0.7380256939555422,0.7358291839315422
5.13,6.294193467843382,0.73873216772728,0.7364540249858051
5.135,6.300328159332508,0.7392896458457369,0.7369634322755145
5.14,6.306462850821633,0.7397048247447668,0.737384175592201
5.145,6.312597542310759,0.7400044901597919,0.7377194158120836
5.15,6.318732233799887,0.7401635304638581,0.7380217598006519
5.155,6.324866925289013,0.7401819456569603,0.7378033564076547
5.16,6.331001616778138,0.7400814991491294,0.7377118384782985
5.165,6.337136308267264,0.7398002489272065,0.7374946029752535
5.17,6.34327099975639,0.7394788201021484,0.7371601798797401
5.175,6.349405691245516,0.7389481277191134,0.7367021916357056
5.18,6.355540382734643,0.7383521451059892,0.7366360165197138
5.185,6.361675074223768,0.7376004704057271,0.7359999390088804
5.19,6.367809765712895,0.7367583938484191,0.7343890281395569
5.195,6.373944457202021,0.7357204466008429,0.7334234860830409
5.2,6.380079148691147,0.7347059368717603,0.7327310469205917
5.205,6.3862138401802735,0.7334352885477115,0.7316271716873202
5.21,6.392348531669399,0.7321562696813428,0.7304318582441431
5.215,6.398483223158525,0.7307198846193735,0.7291489331246922
5.22,6.404617914647651,0.7292483432796626,0.7277872451879903
5.225,6.410752606136777,0.7276378509374557,0.7272026664422825
5.23,6.416887297625904,0.7260106175106095,0.7241683448515845
5.235,6.42302198911503,0.7242461071897303,0.7225607821991886
5.24,6.429156680604156,0.722530146014301,0.7216583341018966
5.245,6.435291372093282,0.7206936490294756,0.7199937122526917
5.25,6.441426063582408,0.7188822636716068,0.7182954487953088
5.255,6.447560755071534,0.7169821505651575,0.7165636234491984
5.26,6.45369544656066,0.7150803633502426,0.7148127451543808
5.265,6.459830138049786,0.7131400716406604,0.7139455689280326
5.27,6.465964829538912,0.711204802256467,0.712165238282169
5.275,6.4720995210280385,0.7092762293061327,0.7086108548971812
5.28,6.478234212517165,0.7073376117050134,0.7077663429106554
5.285,6.484368904006291,0.7054492173578095,0.7060365105508117
5.29,6.490503595495417,0.7036093721560558,0.704335138034853
5.295,6.496638286984543,0.7018013350151153,0.7026687623577337
5.3,6.5027729784736685,0.7000569139958013,0.7010447177089141
5.305,6.508907669962794,0.6983376046034437,0.7001528404107794
5.31,6.515042361451921,0.6966668443565387,0.6985963380665303
5.315,6.521177052941048,0.6951132717021016,0.695674181742909
5.32,6.527311744430174,0.6935898330000122,0.6943223391583635
5.325,6.533446435919299,0.6922086935173497,0.6938284333158349
5.33,6.539581127408426,0.6908761031801397,0.6926099215125162
5.335,6.545715818897552,0.6896841379538912,0.6914872324888893
5.34,6.551850510386678,0.6885172843545991,0.6904539089694508
5.345,6.557985201875804,0.6875362567947927,0.689522945224658
5.35,6.564119893364929,0.6865887114042624,0.6889090257351351
5.355,6.570254584854057,0.6858521036801767,0.6874499565034812
5.36,6.576389276343183,0.6851255406068711,0.6868868701216708
5.365,6.582523967832309,0.6846517679116061,0.6868570470751794
5.37,6.5886586593214345,0.6841679505655583,0.6864722412868497
5.375,6.59479335081056,0.6839503164652619,0.686211239805393
5.38,6.600928042299686,0.6836874814364389,0.6860631210660693
5.385,6.607062733788813,0.683761142208848,0.6860399227059275
5.39,6.613197425277939,0.6837494234496,0.6858577119435294
5.395,6.6193321167670645,0.6840591335154101,0.6860124832710107
5.4,6.625466808256191,0.6843069015680567,0.6866820429511207
5.405,6.631601499745318,0.6849062323981094,0.6871319197410506
5.41,6.637736191234444,0.6854051167203311,0.6876929852347867
5.415,6.6438708827235695,0.68626058614535,0.6883741879406655
5.42,6.650005574212695,0.6870323501471772,0.6891549602404171
5.425,6.656140265701821,0.6881088018894234,0.6900484558434004
5.43,6.662274957190947,0.6890981999915495,0.6903533628123071
5.435,6.668409648680074,0.6903889376171636,0.6914006013618581
5.44,6.6745443401692,0.6916127109042254,0.6937682929622577
5.445,6.680679031658326,0.693054118291586,0.6950787013623232
5.45,6.686813723147452,0.6944620435096704,0.6958849559844779
5.455,6.692948414636578,0.6961294555396496,0.6972979832474039
5.46,6.699083106125705,0.6976344790486342,0.6987673721619457
5.465,6.70521779761483,0.6994307974303267,0.7003043631706461
5.47,6.711352489103956,0.7010479862063903,0.7018826488547878
5.475,6.717487180593082,0.7029313582282029,0.7026251637901683
5.48,6.72362187208221,0.7046322524274581,0.70594282823837
5.485,6.7297565635713354,0.7065993298724623,0.7076331755543025
5.49,6.735891255060461,0.708265067793976,0.7084925073867058
5.495,6.742025946549587,0.7102673015167217,0.7101840744102335
5.5,6.748160638038713,0.7120100484275729,0.7118790693701393
5.505,6.754295329527839,0.7139804740895029,0.7135651357515715
5.51,6.760430021016965,0.7157633996034869,0.715230315636931
5.515,6.766564712506091,0.7176819279030385,0.716110107466346
5.52,6.772699403995217,0.7194045855123244,0.7177454603192415
5.525,6.778834095484344,0.7209045866959178,0.7208971369132542
5.53,6.78496878697347,0.7226557041490885,0.7215507925629578
5.535,6.791103478462596,0.7241958839358147,0.7229992152619764
5.54,6.797238169951722,0.7256791440347712,0.7243666429991257
5.545,6.803372861440848,0.7271356183983058,0.7256662294837645
5.55,6.809507552929974,0.7286490124496124,0.7268787623282836
5.555,6.8156422444191,0.7298694375197459,0.7276221980233192
5.56,6.821776935908226,0.731098233132199,0.7287072714241528
5.565,6.827911627397353,0.7321378544882405,0.7306017762672498
5.57,6.834046318886479,0.7330971186380164,0.7313913695242167
5.575,6.840181010375605,0.7339157576768308,0.7315574171679938
5.58,6.8463157018647305,0.7346239055570316,0.7321897518506189
5.585,6.852450393353857,0.7350491291068466,0.7327042611851704
5.59,6.858585084842983,0.7353153123525956,0.7331038947913225
5.595,6.864719776332109,0.735556383971388,0.7333899281802861
5.6,6.870854467821235,0.7357304912516256,0.7337026436693852
5.605,6.876989159310362,0.7356819421061754,0.7337813267671852
5.61,6.883123850799488,0.7357070537331319,0.7336383579043739
5.615,6.889258542288614,0.7356283706353316,0.7333208911360157
5.62,6.89539323377774,0.7351964506516647,0.7330050426725057
5.625,6.9015279252668655,0.734878370043535,0.7325736010055406
5.63,6.907662616755991,0.7341836150310451,0.7320316681799627
5.635,6.913797308245118,0.733460400174668,0.7313743015898309
5.64,6.919931999734244,0.7325881896650122,0.7311905602139801
5.645,6.92606669122337,0.7316858452030061,0.7303897504303054
5.65,6.932201382712496,0.7305558219899185,0.7285122377881161
5.655,6.938336074201622,0.7295362899354422,0.727842251608945
5.66,6.944470765690749,0.7282388558759713,0.7267530447545947
5.665,6.950605457179875,0.7269715557688508,0.7255862708747536
5.67,6.956740148669001,0.7255050367545312,0.7243438432362372
5.675,6.962874840158126,0.724036843631751,0.7230426623625855
5.68,6.969009531647252,0.7225351683396923,0.722450876978538
5.685,6.975144223136378,0.7208192071642632,0.7210512385973502
5.69,6.981278914625506,0.7192991166791022,0.7181315097310016
5.695,6.9874136061146315,0.7176819279030385,0.7166262351057459
5.7,6.993548297603757,0.7160546944761924,0.7158446337237074
5.705,6.999682989092883,0.7144425280255225,0.7143381752646093
5.71,7.00581768058201,0.7128085981648196,0.7128219113130801
5.715,7.011952372071136,0.711204802256467,0.711313619306617
5.72,7.0180870635602615,0.7095373902264903,0.7098142558786277
5.725,7.024221755049387,0.7078716523049766,0.7090297168348325
5.73,7.030356446538514,0.7061908474072865,0.7061122480149102
5.735,7.036491138027641,0.7046054666920362,0.7047205616489254
5.74,7.0426258295167665,0.7030485458206707,0.7041306576439134
5.745,7.048760521005892,0.7015803526978905,0.7028262082727845
5.75,7.054895212495018,0.700212606082939,0.701579874381186
5.755,7.061029903984144,0.6989201943488594,0.7004016209004499
5.76,7.06716459547327,0.6976947469533323,0.6992922450250829
5.765,7.0732992869623965,0.6965647237402448,0.6986164273680961
5.77,7.079433978451522,0.6954849237810727,0.6976156453284166
5.775,7.085568669940649,0.6945574676921101,0.6958863749906998
5.78,7.091703361429775,0.6936651678808866,0.6956956222891636
5.785,7.097838052918902,0.6929854798445683,0.6950398500880448
5.79,7.103972744408027,0.6923325775436743,0.6944867565393746
5.795,7.110107435897153,0.6919056798853963,0.694043356954811
5.8,7.116242127386279,0.6915089161794685,0.6937090135787481
5.805,7.122376818875405,0.691311371380735,0.6933838339535386
5.81,7.128511510364531,0.691145634642817,0.6932126563631116
5.815,7.134646201853658,0.6911891614628758,0.6932094755570304
5.82,7.140780893342784,0.6912678445606761,0.6933781419847616
5.825,7.14691558483191,0.6915557912164557,0.6937000052808235
5.83,7.153050276321036,0.6918805682584397,0.6940294857703959
5.835,7.159184967810162,0.6924196311837942,0.6944702546130882
5.84,7.165319659299288,0.692990502169962,0.6950105930496531
5.845,7.171454350788414,0.6937371545448303,0.6956571177944955
5.85,7.17758904227754,0.6945591418005731,0.6958446896899504
5.855,7.183723733766667,0.6954966425403183,0.69752105820021
5.86,7.189858425255793,0.6965446344386795,0.6984870187838418
5.865,7.195993116744919,0.6976512201332735,0.6991349585489333
5.87,7.202127808234045,0.698858252335696,0.7002023222738031
5.875,7.208262499723171,0.7001372712020646,0.7013382447262393
5.88,7.214397191212297,0.7014765579731312,0.7025327609749097
5.885,7.220531882701422,0.7029213135774202,0.7037786165498042
5.89,7.226666574190549,0.704332587012433,0.7043465658181047
5.895,7.232801265679675,0.7059095971853637,0.7056717063726521
5.9,7.238935957168802,0.7073577010065786,0.7083960667812712
5.905,7.2450706486579275,0.7089899567588162,0.7090978171755573
5.91,7.251205340147053,0.7104648463154529,0.7104654840710586
5.915,7.25734003163618,0.7120937538507645,0.7118257370576486
5.92,7.263474723125306,0.7136037996851404,0.7131729957737812
5.925,7.269609414614432,0.7151222160618385,0.7144930701572392
5.93,7.2757441061035575,0.716640632438534,0.715210860104998
5.935,7.281878797592683,0.7180435353312271,0.716490883436445
5.94,7.288013489081811,0.7194933132609075,0.7188733071913261
5.945,7.294148180570937,0.7207338276326061,0.7199500100498405
5.95,7.3002828720600625,0.7220496768851792,0.7202917832787046
5.955,7.306417563549188,0.7231328250612796,0.7212089555585333
5.96,7.312552255038314,0.7242176473458454,0.7220103751960055
5.965,7.318686946527441,0.7251099471570688,0.722695165277164
5.97,7.324821638016567,0.7259436531720571,0.7232384533334033
5.975,7.3309563295056925,0.7265798143883143,0.7237201860158166
5.98,7.337091020994819,0.727077024602073,0.7242320446786334
5.985,7.343225712483945,0.7273934311017374,0.7242225859658128
5.99,7.349360403973072,0.7275089445857399,0.7237968880852677
5.995,7.355495095462198,0.7274436543556505,0.7234599139673332
6.0,7.361629786951323,0.727127247855986,0.7229078567715215
6.005,7.367764478440449,0.7266183188829818,0.7221220621463784
6.01,7.373899169929575,0.7258197691457327,0.7210935217939796
6.015,7.380033861418702,0.7248454380197829,0.7209373155163863
6.02,7.386168552907828,0.7235028030317878,0.7195412764683955
6.025,7.392303244396954,0.7219592750281333,0.7159035224819087
6.03,7.39843793588608,0.7200407467285792,0.7142815744546414
6.035,7.404572627375206,0.7178543610748133,0.7118497326122967
6.04,7.410707318864333,0.7152829304743651,0.7091085793013961
6.045,7.4168420103534585,0.7124168567842831,0.706051099210282
6.05,7.422976701842584,0.7091406265205601,0.7026727483302663
6.055,7.42911139333171,0.7055479897571751,0.7014500233539802
6.06,7.435246084820836,0.7015334776609035,0.6975865158411456
6.065,7.4413807763099635,0.6971891661972539,0.6888665870855768
6.07,7.447515467799089,0.6924397204853595,0.6840129281218078
6.075,7.453650159288215,0.6873286673452764,0.6808858210624882
6.08,7.459784850777341,0.6818426139092939,0.6755587282111201
6.085,7.465919542266467,0.6760083459128361,0.6699238385607583
6.09,7.4720542337555935,0.6698292115728266,0.6639888051786664
6.095,7.478188925244719,0.6633018626723395,0.6577676586881606
6.1,7.484323616733845,0.6564982858753209,0.6550351987833544
6.105,7.490458308222972,0.64934816862629,0.6414755061642665
6.11,7.496592999712098,0.6419553056500013,0.634344892278838
6.115,7.502727691201224,0.6343113264041377,0.6303467984034288
6.12,7.50886238269035,0.6264296237564099,0.6229591171914335
6.125,7.514997074179476,0.6183436798760967,0.6154064167165747
6.13,7.521131765668602,0.6100903251493979,0.6077140477641618
6.135,7.527266457157728,0.6017080640709831,0.599909991861376
6.14,7.5334011486468535,0.5932186600508855,0.596105074158803
6.145,7.53953584013598,0.5846388541737396,0.5881343089407995
6.15,7.545670531625107,0.576052351862737,0.5721059759809431
6.155,7.551805223114233,0.5674424120332432,0.5681710478122634
6.16,7.557939914603359,0.5589211999523299,0.5602614433568054
6.165,7.564074606092485,0.5503849208952453,0.5524212745428712
6.17,7.570209297581611,0.5420478607453547,0.5446852193314973
6.175,7.576343989070737,0.5338330105133232,0.5370838102722859
6.18,7.582478680559863,0.5257889193446059,0.5330208167920952
6.185,7.588613372048989,0.5179574399507912,0.5256247730097261
6.19,7.594748063538116,0.5104139072127586,0.5114960509237813
6.195,7.600882755027242,0.5030829862496334,0.504818618199512
6.2,7.607017446516368,0.4961505031008989,0.502127548633488
6.205,7.613152138005494,0.48947248443866775,0.49593430395071264
6.21,7.619286829494619,0.4832464750616711,0.49006193005683846
6.215,7.625421520983745,0.4773117605573824,0.484527008597603
6.22,7.631556212472872,0.47185416696528465,0.4793474764494039
6.225,7.637690903961998,0.46680003351297383,0.47621245723460637
6.23,7.6438255954511245,0.46216944950201017,0.46731448704390877
6.235,7.64996028694025,0.4580444462471249,0.4634524862286916
6.24,7.656094978429377,0.4543078361558477,0.46238859827187057
6.245,7.662229669918503,0.4510901996883598,0.45911994135596135
6.25,7.668364361407629,0.4483061573130066,0.45624557684301026
6.255,7.6744990528967545,0.4459942135244531,0.4537541845710235
6.26,7.68063374438588,0.4441225602618862,0.45164536594274823
6.265,7.686768435875006,0.44268784930838223,0.450065310486802
6.27,7.692903127364133,0.4416147457830645,0.4485330827152785
6.275,7.6990378188532596,0.4409886292175899,0.4464869873507813
6.28,7.705172510342385,0.44067389682638847,0.4467045138298213
6.285,7.711307201831511,0.4407174236464497,0.44624166269929677
6.29,7.717441893320637,0.4411108391354491,0.4460307250328537
6.295,7.723576584809764,0.4417721119786652,0.44604682836188675
6.3,7.7297112762988895,0.4427213314776584,0.4462554541642607
6.305,7.735845967788015,0.4438312653891783,0.44615291900682336
6.31,7.741980659277141,0.44518729324488426,0.44665506784055004
6.315,7.748115350766269,0.4466672051269124,0.4479202753120921
6.32,7.754250042255395,0.4481554875512601,0.44860414861956793
6.325,7.76038473374452,0.44957680563705554,0.4488738395211465
6.33,7.766519425233646,0.45105504341062064,0.4494295638116885
6.335,7.772654116722772,0.45244957576099415,0.4499024595929962
6.34,7.778788808211898,0.45361475525182077,0.450250116117319
6.345,7.784923499701025,0.45464600606554273,0.45042765133393603
6.35,7.79105819119015,0.4554713415382114,0.4508604283016996
6.355,7.797192882679277,0.45603719019898786,0.4504234859926391
6.36,7.803327574168403,0.45615940011684697,0.449749155103407
6.365,7.809462265657529,0.4559551588842616,0.4486221652154171
6.37,7.8155969571466555,0.4552922119325825,0.4473488861494959
6.375,7.821731648635781,0.45426765755271725,0.44569080129524496
6.38,7.827866340124907,0.4526588393189733,0.44362064660053896
6.385,7.834001031614033,0.4506047082338491,0.44111705725260153
6.39,7.840135723103159,0.4480182106572271,0.4405504313271818
6.395,7.846270414592285,0.44483907868440664,0.43738812414442385
6.4,7.852405106081412,0.4410807051831013,0.42964043387922635
6.405,7.858539797570538,0.43673304550252584,0.42650695324982657
6.41,7.864674489059664,0.43170067546024316,0.42166391690285804
6.415,7.87080918054879,0.42608236745561884,0.4163683132344998
6.42,7.876943872037916,0.41992834474256585,0.41062404849783424
6.425,7.883078563527042,0.4133357056119918,0.4044571112337761
6.43,7.889213255016168,0.40610355704822976,0.40196658391782913
6.435,7.895347946505294,0.39847966710393373,0.39515020019106206
6.44,7.9014826379944205,0.39036861159666164,0.380521338201547
6.445,7.907617329483547,0.3820616853991189,0.3727909749589501
6.45,7.913752020972673,0.37310185690068454,0.3684701568174117
6.455,7.919886712461799,0.3638373406618313,0.36054460847182185
6.46,7.926021403950925,0.35433342691264874,0.3525047424339875
6.465,7.9321560954400505,0.34495172308132527,0.3444094713779453
6.47,7.938290786929177,0.33532559941428347,0.3363160338692682
6.475,7.944425478418303,0.3257865293873617,0.3321354183256034
6.48,7.95056016990743,0.3163311647836316,0.31613202958185793
6.485,7.956694861396556,0.3073981220206167,0.30846101348430405
6.49,7.962829552885681,0.2986475570801591,0.30534327346043677
6.495,7.968964244374808,0.2902318138324682,0.2982553373829183
6.5,7.975098935863934,0.2820537939866437,0.2915374589953578
6.505,7.98123362735306,0.27464418992571576,0.28526585009258476
6.51,7.987368318842186,0.26789585870800386,0.2794830011418003
6.515,7.993503010331311,0.26169998328335753,0.27574047985325784
6.52,7.999637701820437,0.2561201797734007,0.270684588587058
6.525,8.005772393309565,0.2515180556063219,0.26238921373791735
6.53,8.01190708479869,0.2478534321789908,0.26191753766420484
6.535,8.018041776287816,0.245059345152855,0.25903384597552653
6.54,8.024176467776943,0.24298847298309148,0.25673585309083796
6.545,8.030311159266068,0.24152195396877432,0.25501646397903044
6.55,8.036445850755195,0.24098623926034815,0.25384195731247544
6.555,8.04258054224432,0.24139806994244978,0.25243136547876704
6.56,8.048715233733446,0.24239751269535847,0.2521005616463136
6.565,8.054849925222573,0.2438338977573278,0.2526582071756165
6.57,8.0609846167117,0.2460721807734722,0.2534306408208292
6.575,8.067119308200825,0.2491324510453594,0.25427308010163785
6.58,8.073253999689951,0.2524840161899544,0.25513476764380827
6.585,8.079388691179078,0.2557736393213884,0.2560385470559264
6.59,8.085523382668203,0.25914027144215496,0.2568783117491654
6.595,8.09165807415733,0.26254038573220256,0.257549071207008
6.6,8.097792765646455,0.26556717383481354,0.2583504270689197
6.605,8.103927457135583,0.2680281132766481,0.2588206004309871
6.61,8.110062148624708,0.2697792307298164,0.2583035520319322
6.615,8.116196840113835,0.27096952184760204,0.25655082424585923
6.62,8.12233153160296,0.2715688526776547,0.2549539639297142
6.625,8.128466223092087,0.27112186571781144,0.2527448582325101
6.63,8.134600914581211,0.2696134939918985,0.24995308307044134
6.635,8.140735606070338,0.2668327998334712,0.24671384263182508
6.64,8.146870297559465,0.26269440371087494,0.24626085279734694
6.645,8.15300498904859,0.2570744215977852,0.24266938790988526
6.65,8.159139680537717,0.25010008573745485,0.23559025285971943
6.655,8.165274372026843,0.24168769070669227,0.2328549350126072
6.66,8.17140906351597,0.23205654471425918,0.22821629933712753
6.665,8.177543755005095,0.22149626852440055,0.22345059085729785
6.67,8.183678446494222,0.2102998311182823,0.218336906975343
6.675,8.189813137983347,0.19968096113218609,0.2129114403218618
6.68,8.195947829472473,0.19050517264191585,0.21000091905206428
6.685,8.202082520961598,0.18445996697901354,0.2042802393148761
6.69,8.208217212450727,0.18731097369292155,0.19348399753703796
6.695,8.214351903939852,0.19429368009557152,0.18939180680804377
6.7,8.220486595428978,0.19223117846812765,0.18918820731703387
6.705,8.226621286918103,0.17814857807036227,0.18627191037303625
6.71,8.23275597840723,0.17061676409157514,0.18367265768430843
6.715,8.238890669896357,0.16969935265339514,0.18109102299417607
6.72,8.245025361385482,0.16358216032654915,0.17843668416504294
6.725,8.251160052874608,0.15763405295454944,0.17684352681738097
6.73,8.257294744363735,0.1551998992481344,0.17261640294620187
6.735,8.263429435852862,0.15299007607587486,0.17043462109071109
6.74,8.269564127341987,0.16061229191170792,0.16865941241955237
6.745,8.275698818831113,0.1752306070179019,0.1657194387987091
6.75,8.281833510320238,0.1851162174968359,0.1620641425471049
6.755,8.287968201809365,0.18885784991350443,0.15830082643985827
6.76,8.29410289329849,0.18710338424340775,0.1553603745023109
6.765,8.300237584787617,0.17784221622148047,0.15459755502284767
6.77,8.306372276276743,0.16575515311260416,0.15227933332755444
6.775,8.31250696776587,0.1566362843101037,0.14876872787889586
6.78,8.318641659254995,0.1490073720404164,0.147865390909729
6.785,8.324776350744122,0.14082432986919818,0.14719789994936347
6.79,8.330911042233248,0.13315523899637796,0.1471330083165273
6.795,8.337045733722373,0.1255715276552124,0.14697715679048942
6.8,8.3431804252115,0.11753245881188396,0.14637097008768038
6.805,8.349315116700625,0.11320154021594786,0.14443370771722258
6.81,8.355449808189752,0.11639908738186809,0.14340689329093043
6.815,8.361584499678878,0.12333491874753094,0.14219843809631236
6.82,8.367719191168005,0.1258678448533116,0.14270527443373798
6.825,8.37385388265713,0.12513625945461476,0.14434466109083696
6.83,8.379988574146257,0.1297986515263916,0.14508286320393685
6.835,8.386123265635382,0.14118258908045841,0.14600896406223932
6.84,8.392257957124508,0.1516273517863146,0.14718498539835692
6.845,8.398392648613635,0.1573394098649132,0.14842406481994552
6.85,8.40452734010276,0.16250068625891173,0.1495666916781822
6.855,8.410662031591887,0.168321561387661,0.15331861986190226
6.86,8.416796723081013,0.16981486613740004,0.15477760538813307
6.865,8.42293141457014,0.17096163043512685,0.15401558708914886
6.87,8.429066106059265,0.1758918798611156,0.15454022079393398
6.875,8.435200797548392,0.1771323942328167,0.15479301117197272
6.88,8.441335489037517,0.17213852868520152,0.15493714393876376
6.885,8.447470180526643,0.16845549006476815,0.15476455132808753
6.89,8.45360487201577,0.16552077792766848,0.155443649440469
6.895,8.459739563504895,0.1591759068497386,0.15414328569118635
6.9,8.465874254994022,0.1544666397409746,0.15058103399641865
6.905,8.472008946483149,0.1513059229612589,0.14933015609613248
6.91,8.478143637972273,0.14557879790648393,0.1473179574420554
6.915,8.4842783294614,0.13877522110946527,0.1452972288067579
6.92,8.490413020950527,0.13435222654801784,0.14325696890604894
6.925,8.496547712439652,0.13117644279212579,0.14100800348351544
6.93,8.502682403928778,0.12816304755722574,0.1392017839460504
6.935,8.508817095417903,0.12617420670219096,0.13702468959425823
6.94,8.514951786907032,0.1256200768006625,0.1330657578989851
6.945,8.521086478396157,0.12490523248660741,0.13151344082589567
6.95,8.527221169885284,0.12368982974186284,0.13136194995380895
6.955,8.533355861374408,0.12431259809040904,0.13010764411714448
6.96,8.539490552863535,0.12606538965204275,0.12914495203098958
6.965,8.545625244352662,0.1273795647961529,0.12873718704087023
6.97,8.551759935841787,0.1281161725202386,0.1289883033104452
6.975,8.557894627330914,0.1286636059879128,0.12872010714856658
6.98,8.56402931882004,0.128596641649358,0.13124985244826518
6.985,8.570164010309165,0.1276357033911192,0.1332391118304152
6.99,8.576298701798292,0.12716193069585408,0.13506890440944003
6.995,8.582433393287419,0.12812956538794956,0.13748807085912992
7.0,8.588568084776544,0.12833213251207448,0.14010350659634146
7.005,8.59470277626567,0.1281262171710212,0.14289017971356807
7.01,8.600837467754795,0.13108938915200577,0.1456236799572053
7.015,8.606972159243922,0.1370157331139773,0.14660159447246343
7.02,8.613106850733049,0.14404866277054032,0.14916942573971415
7.025,8.619241542222175,0.151178690718006,0.15391602546722083
7.03,8.6253762337113,0.1587557056253173,0.15446376984075197
7.035,8.631510925200427,0.16595939434519202,0.1559638507437974
7.04,8.637645616689554,0.17166475598993639,0.15714975729179662
7.045,8.643780308178679,0.17642257224415048,0.1579247897911008
7.05,8.649914999667805,0.1798293829680499,0.15824789272462064
7.055,8.65604969115693,0.18220996520362112,0.15974368073524797
7.06,8.662184382646057,0.18171610320679077,0.1596480891419631
7.065,8.668319074135184,0.1787361901411669,0.15794878534574908
7.07,8.67445376562431,0.17801464939325512,0.15632866687987432
7.075,8.680588457113435,0.17369712366502998,0.1541301439397452
7.08,8.686723148602562,0.16541865731137453,0.15218722148829075
7.085,8.692857840091687,0.16009834061331235,0.1499424014771916
7.09,8.698992531580814,0.1525397408991033,0.14747269289578405
7.095,8.70512722306994,0.14343761318124212,0.1449194383300862
7.1,8.711261914559065,0.13491472699186596,0.143344281634383
7.105,8.717396606048192,0.12621438530532383,0.13766721242267782
7.11,8.723531297537319,0.11952297377538172,0.13513780194467204
7.115,8.729665989026445,0.11459607256632133,0.13516018318044445
7.12,8.73580068051557,0.1116462934530453,0.13330056755492833
7.125,8.741935372004697,0.11015968513716294,0.1316357065473714
7.13,8.748070063493822,0.11037731923746177,0.13030024630993634
7.135,8.754204754982949,0.11161448539223452,0.12944110979018714
7.14,8.760339446472074,0.11409551413563428,0.12790824824903088
7.145,8.7664741379612,0.11804641011028197,0.1276750449400189
7.15,8.772608829450327,0.12215132406359959,0.1283966693933542
7.155,8.778743520939454,0.12634663987396802,0.12909735951894663
7.16,8.784878212428579,0.13112789364667568,0.12974914574753238
7.165,8.791012903917705,0.13560780789589286,0.130536933358942
7.17,8.797147595406832,0.13968426200532805,0.13135389828929264
7.175,8.803282286895957,0.14305256823455997,0.13209528918041885
7.18,8.809416978385084,0.14565245867889298,0.13319206938258163
7.185,8.815551669874209,0.1473767903966418,0.13380470937492137
7.19,8.821686361363337,0.14787567471886348,0.13414522303646498
7.195,8.827821052852462,0.147159156296343,0.13378244373235224
7.2,8.833955744341589,0.14562567294347106,0.13255758227478853
7.205,8.840090435830714,0.1431111620307951,0.1317953846070404
7.21,8.84622512731984,0.13990189610562442,0.1307833461809277
7.215,8.852359818808965,0.13606651361498406,0.12953804864218763
7.22,8.858494510298092,0.13175233610368484,0.12811553476463317
7.225,8.864629201787219,0.12721550216669547,0.12753709840259847
7.23,8.870763893276346,0.12263011908425603,0.12394772615071645
7.235,8.87689858476547,0.11826571831904374,0.12220020803074397
7.24,8.883033276254597,0.11425455443969797,0.12188761212082094
7.245,8.889167967743724,0.11079082402802637,0.12051803195850394
7.25,8.895302659232849,0.10806035312351456,0.11934727210612982
7.255,8.901437350721976,0.10614517304088882,0.11840291549362655
7.26,8.9075720422111,0.10509383292560166,0.11771302336762582
7.265,8.913706733700227,0.10497664533313382,0.11660357973072588
7.27,8.919841425189354,0.10573501646725013,0.11634233510494466
7.275,8.92597611667848,0.10731704896557216,0.1166496177134813
7.28,8.932110808167605,0.10960053291024076,0.11741279991644513
7.285,8.938245499656732,0.11242642799719223,0.11784456046121286
7.29,8.944380191145857,0.11563569392236048,0.11840546651604769
7.295,8.950514882634984,0.11911449131020599,0.11905111434693277
7.3,8.95664957412411,0.12257319939648628,0.11974108619238413
7.305,8.962784265613235,0.12579418408090254,0.12032512284582761
7.31,8.968918957102362,0.12862342738477991,0.12114426411718127
7.315,8.975053648591489,0.13084162109935912,0.1225085788097823
7.32,8.981188340080616,0.13227633205286546,0.12301424327128321
7.325,8.98732303156974,0.13283715838824817,0.1226241401254572
7.33,8.993457723058867,0.13267644397572154,0.12297211552758264
7.335,8.999592414547992,0.13169709052437806,0.12324595184059542
7.34,9.005727106037119,0.13004474547057532,0.12345545455692655
7.345,9.011861797526246,0.12781315888828515,0.12360795786603675
7.35,9.01799648901537,0.12528023278250452,0.1238326311938283
7.355,9.024131180504497,0.1225279984679621,0.12369158755575031
7.36,9.030265871993624,0.11981092043116125,0.12358812765268538
7.365,9.036400563482749,0.11754585167959491,0.12381475012104552
7.37,9.042535254971876,0.11584830569726799,0.1237417271042421
7.375,9.048669946461002,0.11482207720893738,0.12361409626373739
7.38,9.054804637950127,0.1146245324102062,0.12343217647733422
7.385,9.060939329439254,0.11535109548350929,0.12318544477754549
7.39,9.067074020928379,0.11682598504014609,0.12275986249020385
7.395,9.073208712417506,0.11883826341367446,0.12253703865366754
7.4,9.079343403906632,0.12142141277336815,0.12211574925874387
7.405,9.085478095395759,0.12412509794246047,0.1219710783856609
7.41,9.091612786884884,0.1265542293234818,0.12173391301995118
7.415,9.09774747837401,0.12834719948824838,0.12158053279688374
7.42,9.103882169863137,0.12930813774648717,0.12151532228624495
7.425,9.110016861352262,0.12959608440226672,0.1215355710267122
7.43,9.116151552841389,0.12901684287378173,0.12187124571760093
7.435,9.122286244330514,0.1274950782801578,0.12197788642674703
7.44,9.12842093581964,0.12558826873984927,0.12218823815522775
7.445,9.134555627308767,0.12348893672620331,0.12224591119180679
7.45,9.140690318797894,0.12117866704611281,0.12218998799716968
7.455,9.146825010287019,0.11907766092400146,0.12221494018522591
7.46,9.152959701776146,0.11754752578805787,0.12214486678809684
7.465,9.15909439326527,0.116589935746745,0.12198479013117411
7.47,9.165229084754397,0.11617643095618041,0.12176053931647106
7.475,9.171363776243524,0.11627352924708059,0.12138315939497024
7.48,9.17749846773265,0.11675734659312834,0.12080877278102904
7.485,9.183633159221776,0.11761449012661267,0.12058511189026093
7.49,9.189767850710902,0.1187696249666567,0.12068384841587426
7.495,9.19590254220003,0.11999172414525554,0.12052504727016207
7.5,9.202037233689154,0.12107152410442756,0.12044771940302314
7.505,9.20817192517828,0.12194540872254878,0.12046071367348053
7.51,9.214306616667406,0.1226535566027496,0.12056626222615273
7.515,9.220441308156532,0.12319261952810413,0.12071719904805749
7.52,9.226575999645657,0.1236379323794844,0.12096312558139463
7.525,9.232710691134786,0.12373168245345867,0.12154035817972444
7.53,9.23884538262391,0.12339351254376608,0.12158101111358792
7.535,9.244980074113037,0.12302186046479488,0.12186281937166658
7.54,9.251114765602162,0.1226585789281409,0.12212023347784358
7.545,9.257249457091289,0.12225344467989352,0.12233388160560897
7.55,9.263384148580416,0.12186505151628546,0.12248263810053818
7.555,9.26951884006954,0.12145154672571842,0.12255319380034371
7.56,9.275653531558667,0.1212941805301177,0.12259521392278597
7.565,9.281788223047794,0.12150846641348817,0.12255620719557876
7.57,9.28792291453692,0.1218516586485745,0.12247543146219883
7.575,9.294057606026046,0.12214295352128238,0.122436241380255
7.58,9.300192297515173,0.12239406979085737,0.12232869984131642
7.585,9.306326989004297,0.12267532001278021,0.12223702247305891
7.59,9.312461680493424,0.1230201863563295,0.12216312254229823
7.595,9.318596371982549,0.12325623564973058,0.12211058742431416
7.6,9.324731063471676,0.12311561053876917,0.12210344456153518
7.605,9.330865754960803,0.1227858111713938,0.1221430372267048
7.61,9.33700044644993,0.12263514140964733,0.12220313772055649
7.615,9.343135137939054,0.1224309001770619,0.12223375397558198
7.62,9.34926982942818,0.12202241771188618,0.12231522725415521
7.625,9.355404520917308,0.12165243974137793,0.1223916782073369
7.63,9.361539212406432,0.12147331013574904,0.12246103412940997
7.635,9.36767390389556,0.12146828781035773,0.12252377333707834
7.64,9.373808595384684,0.12146996191882069,0.12251619600329326
7.645,9.37994328687381,0.12155534145047531,0.12255101745934102
7.65,9.386077978362938,0.12189183725170737,0.12258642485335107
7.655,9.392212669852064,0.12221661429368899,0.1226178422888557
7.66,9.39834736134119,0.1224961904071513,0.12262908273139862
7.665,9.404482052830316,0.1228460790760919,0.12263992457668821
7.67,9.41061674431944,0.12321940526352605,0.12265499155286268
7.675,9.416751435808568,0.12345712866539009,0.12268520522466228
7.68,9.422886127297694,0.1235994278848169,0.12273684349882649
7.685,9.42902081878682,0.12371159315189345,0.1227940143028663
7.69,9.435155510275946,0.12371661547728476,0.12292007467019281
7.695,9.441290201765073,0.12362119129484508,0.12298678789247659
7.7,9.4474248932542,0.12345880277385549,0.12298503007858955
7.705,9.453559584743324,0.12324619099894797,0.12303828267162953
7.71,9.459694276232451,0.12302186046479488,0.12307583053288983
7.715,9.465828967721576,0.12286282016072878,0.12309049891181101
7.72,9.471963659210703,0.12274730667672631,0.12306985157409042
7.725,9.47809835069983,0.12265690481967795,0.12306237388961865
7.73,9.484233042188956,0.12261672621654507,0.12290643068621254
7.735,9.490367733678081,0.12267197179585186,0.12280958351157971
7.74,9.496502425167208,0.12278748527985675,0.12275679329135356
7.745,9.502637116656333,0.12288960589615068,0.12266726834826383
7.75,9.50877180814546,0.12294987380084879,0.12260460886004616
7.755,9.514906499634586,0.12301014170554689,0.1225755909800064
7.76,9.521041191123711,0.12300511938015558,0.12258133078045381
7.765,9.527175882612838,0.12280422636449606,0.12255930429623678
7.77,9.533310574101963,0.12241248498395964,0.12260810455795754
7.775,9.539445265591091,0.12206259631501662,0.12276622410236662
7.78,9.545579957080216,0.12187509616706807,0.1228463182344434
7.785,9.551714648569343,0.1217746496592371,0.12292882786587525
7.79,9.557849340058468,0.12170098888683047,0.12299363977926081
7.795,9.563984031547594,0.12183659167240057,0.12303365894349151
7.8,9.570118723036721,0.1223053420422744,0.12305247273384697
7.805,9.576253414525846,0.12284942729302024,0.12305760268049688
7.81,9.582388106014973,0.12336672680834417,0.12305785379676645
7.815,9.5885227975041,0.1238388253951439,0.12303994083620347
7.82,9.594657488993224,0.12418201763023023,0.12305274776595176
7.825,9.600792180482351,0.12438458475435514,0.12304123229130408
7.83,9.606926871971478,0.12444820087597915,0.12308691153653163
7.835,9.613061563460603,0.12434942847661357,0.12315212204717042
7.84,9.61919625494973,0.12403302197694915,0.12323016738936539
7.845,9.625330946438854,0.12362788772870179,0.12331690215168199
7.85,9.631465637927981,0.12328469549361545,0.12339091767564607
7.855,9.637600329417108,0.12301516403093819,0.12349312199736288
7.86,9.643735020906234,0.1227958558221764,0.12349981843121824
7.865,9.64986971239536,0.122655230711215,0.12349148774862445
7.87,9.656004403884486,0.12266862357892595,0.12345760698209451
7.875,9.662139095373613,0.12281092279835032,0.1233979768330018
7.88,9.668273786862738,0.12302186046479488,0.12332056924641212
7.885,9.674408478351864,0.12324451689048257,0.12323638550651651
7.89,9.68054316984099,0.1234136018453313,0.12318073335801165
7.895,9.686677861330116,0.1235224188954795,0.12311326678691921
7.9,9.692812552819243,0.12359775377635152,0.12304663727005868
7.905,9.69894724430837,0.12360110199327987,0.12304466022768235
7.91,9.705081935797494,0.12350065548545132,0.12305295105055095
7.915,9.711216627286621,0.12332487409674833,0.12307790323860715
7.92,9.717351318775746,0.12312732929801473,0.12311393643030481
7.925,9.723486010264873,0.12292978449928356,0.12315156401101576
7.93,9.729620701754,0.12275902543597188,0.12316859607164903
7.935,9.735755393243124,0.12268034233817152,0.1231890201949077
7.94,9.741890084732251,0.12268369055509987,0.12318927131117727
7.945,9.748024776221378,0.12274395845979796,0.12317202799399977
7.95,9.754159467710505,0.12283603442530928,0.12316702958444344
7.955,9.76029415919963,0.12300511938015558,0.12313960609341694
7.96,9.766428850688756,0.12318927131117823,0.12311210288293971
7.965,9.772563542177881,0.12331985177135703,0.1230900205951072
7.97,9.778698233667008,0.1234119277368659,0.1230805339804788
7.975,9.784832925156133,0.12345880277385549,0.12308523742806778
7.98,9.790967616645261,0.12343034292996817,0.1231220558563545
7.985,9.797102308134386,0.12337007502527007,0.12316047664559941
7.99,9.803236999623513,0.12329306603593511,0.12317827002698646
7.995,9.809371691112638,0.12317755255193022,0.12321972414132899
8.0,9.815506382601765,0.12306706139331663,0.1232587866721517
8.005,9.821641074090891,0.12302186046479488,0.12330913747718779
8.01,9.827775765580016,0.12302353457325785,0.12332128672146817
8.015,9.833910457069143,0.12303692744096881,0.12333726249938007
8.02,9.840045148558268,0.12312565518955178,0.12334360816765248
8.025,9.846179840047396,0.12322610169738275,0.12333960625122942
8.03,9.852314531536521,0.12333994107292225,0.12334440536215913
8.035,9.858449223025648,0.12344875812307045,0.1233450431177644
8.04,9.864583914514773,0.1235341376547275,0.1233503046015079
8.045,9.8707186060039,0.12355422695629273,0.1233604289717416
8.05,9.876853297493026,0.12356427160707534,0.12337756865363318
8.055,9.882987988982151,0.12358938323403429,0.12340291943894273
8.06,9.889122680471278,0.12356427160707534,0.12343408974415021
8.065,9.895257371960403,0.12350735191930558,0.12346797051068016
8.07,9.90139206344953,0.12347052153310105,0.12350272819116738
8.075,9.907526754938655,0.12344708401460748,0.12353421737417754
8.08,9.913661446427783,0.12344038758075322,0.12356100310959875
8.085,9.91979613791691,0.12344373579767913,0.1235843609086417
8.09,9.925930829406035,0.12348056618388366,0.12359886984866165
8.095,9.932065520895161,0.12350567781084262,0.12360540684361561
8.1,9.938200212384286,0.12353748587165342,0.12361138580241501
8.105,9.944334903873413,0.1235994278848169,0.12361808223627033
8.11,9.950469595362538,0.12367643687415188,0.12362302484221113
8.115,9.956604286851665,0.12373503067038702,0.12362980099551715
8.12,9.96273897834079,0.12376683873120024,0.12364096171860932
8.125,9.968873669829916,0.12378692803276546,0.12365618813368517
8.13,9.975008361319045,0.12378860214122842,0.12367524108239261
8.135,9.98114305280817,0.12383045485282425,0.12369708421187302
8.14,9.987277744297296,0.12375344586348928,0.12372020285256413
8.145,9.993412435786421,0.12367141454876057,0.12374172710424196
8.15,9.999547127275548,0.12367978509108023,0.12376436742822901
8.155,10.005681818764673,0.12370489671803675,0.12378413785199245
8.16,10.0118165102538,0.12369317795879119,0.1237990453892656
8.165,10.017951201742925,0.12370657082650215,0.12380797396773949
8.17,10.024085893232051,0.12374172710424128,0.12381363404873631
8.175,10.03022058472118,0.12379027624969381,0.12381793889907183
8.18,10.036355276210305,0.12384719593746356,0.12382184515215416
8.185,10.042489967699431,0.123899093299842,0.12382662831919374
8.19,10.048624659188556,0.12392922725219227,0.12383045485282544
8.195,10.054759350677683,0.12393257546911818,0.12383946315074992
8.2,10.060894042166808,0.12398112461457071,0.12385492872417772
8.205,10.067028733655935,0.12395266477068584,0.12387214812552003
8.21,10.073163425145061,0.12391248616755296,0.12388928780741171
8.215,10.079298116634186,0.12386393702210287,0.12390754356161249
8.22,10.085432808123313,0.12385389237132026,0.12392500212130678
8.225,10.091567499612438,0.12385724058824617,0.123940148816932
8.23,10.097702191101567,0.12386895934749417,0.12395290392903734
8.235,10.103836882590691,0.12388904864905939,0.12396286886036967
8.24,10.109971574079818,0.12391081205909,0.12396972473312633
8.245,10.116106265568943,0.12394262011990323,0.12397458761961648
8.25,10.12224095705807,0.12399619159074463,0.12397960994500803
8.255,10.128375648547197,0.12404139251926881,0.12398311760083705
8.26,10.134510340036321,0.12406483003776238,0.12398933571798842
8.265,10.140645031525448,0.12407654879700795,0.12399914121041941
8.27,10.146779723014573,0.12407320058008203,0.12401189632252475
8.275,10.1529144145037,0.12405980771237107,0.12402536890968596
8.28,10.159049105992825,0.12405813360390569,0.12403971841080458
8.285,10.165183797481953,0.12405645949544272,0.12405454622862712
8.29,10.171318488971078,0.12404306662773176,0.12406785937688711
8.295,10.177453180460205,0.1240313478684862,0.12407902009997927
8.3,10.183587871949332,0.12403804430234046,0.1240886661535089
8.305,10.189722563438457,0.12405478538697977,0.1240952828679136
8.31,10.195857254927583,0.12408324523086464,0.12409847164593991
8.315,10.201991946416708,0.12411840150860379,0.12409974715715047
8.32,10.208126637905835,0.12413179437631475,0.12410046463220652
8.325,10.21426132939496,0.12413681670170605,0.12410158070451571
8.33,10.220396020884088,0.12415858011173667,0.12410301565462752
8.335,10.226530712373215,0.12418034352176727,0.12410572611595
8.34,10.23266540386234,0.12416862476251928,0.12411042956353882
8.345,10.238800095351467,0.1241451872440257,0.12411648824178896
8.35,10.244934786840592,0.1241451872440257,0.12412366299234823
8.355,10.251069478329718,0.1241351425932431,0.12413306988752601
8.36,10.257204169818843,0.12410835685782118,0.12414327397721034
8.365,10.26333886130797,0.1240916157731843,0.12415148508062818
8.37,10.269473552797095,0.1240916157731843,0.12415674656437166
8.375,10.275608244286222,0.1240966380985756,0.12416200804811514
8.38,10.28174293577535,0.12408994166471891,0.12416742897076004
8.385,10.287877627264475,0.12411505329167787,0.12416974083482908
8.39,10.294012318753602,0.12415523189480832,0.12416854504306912
8.395,10.300147010242727,0.12417029887098466,0.12416790728746382
8.4,10.306281701731853,0.12418201763023023,0.12416982055427968
8.405,10.312416393220978,0.12423558910107406,0.12417165410164481
8.41,10.318551084710105,0.12426907127035025,0.1241733282101087
8.415,10.32468577619923,0.12425567840263929,0.12417747362154298
8.42,10.330820467688357,0.12422889266721737,0.12418417005539831
8.425,10.336955159177483,0.12424228553492833,0.12419214200046418
8.43,10.343089850666608,0.12425065607724799,0.12419899787322082
8.435,10.349224542155737,0.12420712925718676,0.12420537542927354
8.44,10.355359233644862,0.12415523189480832,0.12420991943796102
8.445,10.361493925133988,0.12415523189480832,0.12421183270477687
8.45,10.367628616623113,0.12418536584715859,0.12421095579081962
8.455,10.37376330811224,0.12418369173869319,0.12420768729334257
8.46,10.379897999601367,0.12417029887098466,0.1242011502983885
8.465,10.386032691090492,0.1241954104979412,0.12419262031716795
8.47,10.392167382579618,0.12423224088414572,0.12418432949429936
8.475,10.398302074068743,0.12425902661956764,0.12417747362154273
8.48,10.404436765557872,0.12424061142646538,0.12417013943208215
8.485,10.410571457046997,0.12422387034182607,0.1241619283286643
8.49,10.416706148536123,0.12421047747411511,0.12415491301700643
8.495,10.422840840025248,0.1241954104979412,0.12414861518040445
8.5,10.428975531514375,0.1241518836778824,0.12414104183259189
8.505,10.435110223003502,0.12411337918321248,0.1241312363401609
8.51,10.441244914492627,0.12409831220703856,0.12411943786146344
8.515,10.447379605981753,0.12408994166471891,0.12410596527430211
8.52,10.453514297470878,0.12408157112239926,0.12409018082307172
8.525,10.459648988960005,0.12408491933932761,0.12407216422722289
8.53,10.46578368044913,0.12408826755625595,0.12405311127851545
8.535,10.471918371938258,0.12407822290547334,0.12403493524376527
8.54,10.478053063427383,0.12405980771237107,0.1240165200506631
8.545,10.48418775491651,0.12402297732616654,0.12399722794360368
8.55,10.490322446405637,0.12399619159074463,0.12397713864203766
8.555,10.496457137894762,0.12397945050610776,0.12395720877937297
8.56,10.502591829383888,0.12393592368604653,0.123936641161103
8.565,10.508726520873013,0.12388737454059644,0.12391296448425736
8.57,10.51486121236214,0.12386393702210287,0.12388601930993479
8.575,10.520995903851265,0.12385389237132026,0.12385676227154303
8.58,10.527130595340392,0.12385891469671156,0.12382527308853286
8.585,10.53326528682952,0.12385891469671156,0.12379195035815746
8.59,10.539399978318645,0.12383715128668095,0.12375798987217677
8.595,10.545534669807772,0.12380534322586773,0.12372371050839348
8.6,10.551669361296897,0.1237735351650545,0.12369022833911685
8.605,10.557804052786024,0.12373335656192407,0.12365682588929083
8.61,10.563938744275148,0.12368145919954318,0.12362270596440879
8.615,10.570073435764275,0.12360110199327987,0.12358850632007623
8.62,10.5762081272534,0.12352409300394489,0.12355342976178633
8.625,10.582342818742527,0.12346717331617271,0.12351540358382207
8.63,10.588477510231655,0.12342364649611391,0.12347474666398608
8.635,10.59461220172078,0.12338849021837234,0.12343090096612377
8.64,10.600746893209907,0.12336505269987877,0.12338354761243248
8.645,10.606881584699032,0.12333994107292225,0.12333372295577077
8.65,10.613016276188159,0.12331985177135703,0.12328334026295451
8.655,10.619150967677284,0.12329474014439806,0.12323224009508223
8.66,10.62528565916641,0.12326293208358484,0.12318113992720994
8.665,10.631420350655535,0.1232177311550631,0.12313075723439368
8.67,10.637555042144662,0.1231507668165083,0.12308125145553468
8.675,10.643689733633789,0.12306538728485368,0.12303302118788613
8.68,10.649824425122913,0.12300009705476428,0.12298495035913891
8.685,10.655959116612042,0.12293815504160321,0.12293576345808248
8.69,10.662093808101167,0.12286449426919416,0.122884264692957
8.695,10.668228499590294,0.1227908334967851,0.1228290988331012
8.7,10.674363191079419,0.12274730667672631,0.12277217914533087
8.705,10.680497882568545,0.12270043163973673,0.1227126287156888
8.71,10.686632574057672,0.1226602530366063,0.12265124473868161
8.715,10.692767265546797,0.12262342265040177,0.12258858525046384
8.72,10.698901957035924,0.12256148063724072,0.1225257663233447
8.725,10.705036648525049,0.12251125738332523,0.12246358515183099
8.73,10.711171340014175,0.12245768591248139,0.12240315780823167
8.735,10.7173060315033,0.12239072157392902,0.12234408569529351
8.74,10.723440722992429,0.12230701615073736,0.12228525274070734
8.745,10.729575414481554,0.12220656964290638,0.12222673866392386
8.75,10.73571010597068,0.12214462762974533,0.12216862318439355
8.755,10.741844797459807,0.12206929274887332,0.12210891331585014
8.76,10.747979488948932,0.12200567662724687,0.12204736989994171
8.765,10.754114180438059,0.12194708283101173,0.1219839132172173
8.77,10.760248871927184,0.12189853368556164,0.12191814467042385
8.775,10.76638356341631,0.12184496221472023,0.12185070201516651
8.78,10.772518254905435,0.12179641306926771,0.12178254188485328
8.785,10.778652946394564,0.12175958268306317,0.12171486007124409
8.79,10.784787637883687,0.12170266299529342,0.12164709853818416
8.795,10.790922329372815,0.12163569865674106,0.12158045307743347
8.8,10.797057020861942,0.12157040842664922,0.1215164383585545
8.805,10.803191712351067,0.12149339943731426,0.12145234392022494
8.81,10.809326403840194,0.12140801990565964,0.12138880751804992
8.815,10.815461095329319,0.12132766269939388,0.121324553640819
8.82,10.821595786818445,0.12124228316773925,0.12125878509402555
8.825,10.82773047830757,0.12114518487683662,0.12119142215821893
8.83,10.833865169796697,0.12107989464674722,0.1211225445528497
8.835,10.839999861285825,0.12103636782668843,0.12105279003352329
8.84,10.84613455277495,0.12096772937967068,0.12098231803914102
8.845,10.852269244264077,0.12090746147497258,0.12091184604475871
8.85,10.858403935753202,0.1208622605464484,0.12084249012268555
8.855,10.864538627242329,0.1207986444248244,0.12077488802852697
8.86,10.870673318731454,0.12073502830319795,0.12070975723733882
8.865,10.87680801022058,0.12065634520539757,0.12064709774912102
8.87,10.882942701709705,0.12056594334834922,0.12058563405266319
8.875,10.889077393198832,0.12048391203362294,0.12052552558686645
8.88,10.895212084687959,0.12039853250196587,0.12046693179063224
8.885,10.901346776177084,0.12033156816341352,0.12040809883604606
8.89,10.907481467666212,0.12027967080103508,0.12034822952860129
8.895,10.913616159155337,0.12022275111326533,0.1202879616239033
8.9,10.919750850644464,0.1201792242932041,0.12022721540250136
8.905,10.925885542133589,0.12015076444931923,0.12016630974219812
8.91,10.932020233622715,0.1201256528223627,0.12010564324024682
8.915,10.93815492511184,0.12009217065308651,0.1200456144939008
8.92,10.944289616600967,0.12003692507377972,0.1199877381727226
8.925,10.950424308090094,0.11998000538600755,0.11993217371561357
8.93,10.956558999579219,0.11991471515591813,0.1198782833669682
8.935,10.962693691068347,0.11984440260043742,0.11982590768788545
8.94,10.968828382557472,0.11977911237034802,0.1197737711671547
8.945,10.974963074046599,0.11970210338101306,0.11972067801301597
8.95,10.981097765535724,0.11963179082553235,0.11966726598107452
8.955,10.98723245702485,0.11958324168007982,0.11964166806546805
8.96,10.993367148513977,0.1195246478838471,0.1196148735189496
8.965,10.999501840003102,0.11947442462993162,0.11958649689098218
8.97,11.005636531492229,0.11944094246065544,0.11955675137556429
8.975,11.011771222981354,0.1193990897490596,0.1195267405194258
8.98,11.01790591447048,0.11935221471207004,0.11949652286165367
8.985,11.024040605959605,0.11929864324122863,0.11946665198349193
8.99,11.030175297448734,0.11923670122806758,0.1194375942437269
8.995,11.036309988937859,0.11916471456412148,0.1194091343998418
9.0,11.042444680426986,0.11910109844249503,0.11938250085609896
