time_s,Tstar,Hstar_raw,Hstar_smooth
0.005,0.006134691489126103,0.6167264911000332,0.6349318118775062
0.01,0.012269382978252205,0.618126045775798,0.637373410293528
0.015,0.01840407446737831,0.6204212484797121,0.6397741998767746
0.02,0.02453876595650441,0.623802947576655,0.6420860056893564
0.025,0.030673457445630516,0.6278810757945531,0.6443064235766088
0.03,0.03680814893475662,0.6327611019666288,0.6464398236974949
0.035,0.042942840423882724,0.6378821997574945,0.6484714281760829
0.04,0.04907753191300882,0.6434385657489577,0.6504190400069881
0.045,0.05521222340213492,0.649172387237587,0.652303498730786
0.05,0.06134691489126103,0.6544960521525776,0.6541169502909419
0.055,0.06748160638038714,0.6595418150625711,0.6558828517162363
0.06,0.07361629786951324,0.6642309928697675,0.6595584764277582
0.065,0.07975098935863933,0.6685836748757342,0.6632956445551887
0.07,0.08588568084776545,0.6721394812529171,0.6692273695800784
0.075,0.09202037233689155,0.6753922739981442,0.6708103985715341
0.08,0.09815506382601764,0.6784408255107858,0.6745072286569317
0.085,0.10428975531514376,0.6809770998334923,0.6781235420971637
0.09,0.11042444680426984,0.6835284411323752,0.6816414817352829
0.095,0.11655913829339595,0.6862237557591455,0.6850549091735884
0.1,0.12269382978252207,0.6885725299339059,0.6883438148299651
0.105,0.12882852127164815,0.6912008802221238,0.6915376949011565
0.11,0.13496321276077428,0.6939146100419963,0.6946502611326759
0.115,0.14109790424990037,0.6966065764518407,0.6976925148087143
0.12,0.14723259573902647,0.6995630519989708,0.6991479568053635
0.125,0.15336728722815257,0.7024709784006486,0.7036663715632769
0.13,0.15950197871727867,0.7055145075878989,0.7066470818234069
0.135,0.1656366702064048,0.708703684211502,0.7096345682368429
0.14,0.1717713616955309,0.7117589321579978,0.7141084596815637
0.145,0.17790605318465696,0.715120541953373,0.715705523282308
0.15,0.1840407446737831,0.7182394060214954,0.7187719319518961
0.155,0.1901754361629092,0.7215675336475968,0.7218750912882379
0.16,0.1963101276520353,0.724905705924481,0.7249922812478955
0.165,0.20244481914116141,0.7281183200665751,0.7281215885640534
0.17,0.2085795106302875,0.7315150861396944,0.7328439097328621
0.175,0.21471420211941358,0.7346590618347731,0.7328439097328621
0.18,0.22084889360853968,0.7379871894608747,0.7359831142188191
0.185,0.2269835850976658,0.7411780401929406,0.7406148222740364
0.19,0.2331182765867919,0.7443488016234414,0.7436880868163811
0.195,0.23925296807591803,0.7476467952971926,0.7483068125590588
0.2,0.24538765956504413,0.7506183378204968,0.7512871441517981
0.205,0.2515223510541702,0.7537388759970821,0.7526589963184589
0.21,0.2576570425432963,0.7566618693749337,0.7555463551018674
0.215,0.2637917340324224,0.759630063681312,0.7583731271027754
0.22,0.26992642552154855,0.762494463262931,0.7611328550456794
0.225,0.27606111701067465,0.7652550681197907,0.7638112691489114
0.23,0.28219580849980075,0.7680575256882486,0.7664163413575373
0.235,0.2883304999889268,0.7707059652780317,0.7689294173201032
0.24,0.29446519147805295,0.7732422396007407,0.7713592661761813
0.245,0.30059988296717904,0.7755659021485422,0.7736881104882747
0.25,0.30673457445630514,0.7778460378762824,0.775915392220229
0.255,0.31286926594543124,0.7800960396516748,0.7792522889859023
0.26,0.31900395743455734,0.7822020680991775,0.7812190316092138
0.265,0.3251386489236835,0.7842679179435472,0.783066912531593
0.27,0.3312733404128096,0.7860726068675594,0.7847934205903442
0.275,0.3374080319019357,0.7877617823075667,0.7864028247620504
0.28,0.3435427233910618,0.7893655782159192,0.787874031280067
0.285,0.34967741488018783,0.7907617846747558,0.787874031280067
0.29,0.35581210636931393,0.7922048661705817,0.7892145736324817
0.295,0.36194679785844003,0.7932545321774035,0.7907322884780128
0.3,0.3680814893475662,0.7944197116682326,0.7917338039366383
0.305,0.3742161808366923,0.7951797569108119,0.7925970061483711
0.31,0.3803508723258184,0.7959967218411633,0.7933196629685924
0.315,0.3864855638149445,0.7965876821288963,0.7938940416105884
0.32,0.3926202553040706,0.7970246244379569,0.79432141758557
0.325,0.3987549467931967,0.7974431515539152,0.7946086467662933
0.33,0.40488963828232283,0.7974816560485827,0.7947494313161568
0.335,0.4110243297714489,0.7975168123263243,0.7949493995861892
0.34,0.417159021260575,0.797309222876808,0.7947225578893397
0.345,0.42329371274970107,0.7970196021125656,0.7947225578893397
0.35,0.42942840423882717,0.7965977267796789,0.7943542540272963
0.355,0.43556309572795326,0.7959732843226698,0.7938370382173949
0.36,0.44169778721707936,0.7952718328763232,0.7925543562422684
0.365,0.4478324787062055,0.7942640195810948,0.7916837401216245
0.37,0.4539671701953316,0.7932428134181579,0.7906744121568343
0.375,0.4601018616844577,0.7921044196627508,0.7895295611259243
0.38,0.4662365531735838,0.790718257854697,0.7882422514366871
0.385,0.4723712446627099,0.7893772969751673,0.7868304996849715
0.39,0.47850593615183606,0.7876680322335924,0.7852831451476855
0.395,0.48464062764096216,0.7858884549365367,0.7829435307378082
0.4,0.49077531913008826,0.7840753954702049,0.7810825917694111
0.405,0.49691001061921436,0.7820447019035767,0.7791025399838122
0.41,0.5030447021083404,0.7800357717469767,0.7791025399838122
0.415,0.5091793935974666,0.7777137833076382,0.7770109088690987
0.42,0.5153140850865926,0.7753917948683021,0.7734916817618515
0.425,0.5214487765757188,0.772982752788846,0.7711480893513861
0.43,0.5275834680648448,0.770409648079935,0.7687011805328671
0.435,0.533718159553971,0.7678348692625584,0.7661696096577485
0.44,0.5398528510430971,0.7650223670433179,0.7635406216139247
0.445,0.5459875425322231,0.7622533916441386,0.7608362986892284
0.45,0.5521222340213493,0.7593789474117371,0.7580605471367421
0.455,0.5582569255104753,0.7563722486106913,0.7552108159340446
0.46,0.5643916169996015,0.7534392105820545,0.7509139016697861
0.465,0.5705263084887275,0.7502617527176996,0.7479055287602776
0.47,0.5766609999778536,0.7471094064803011,0.7463028847979872
0.475,0.5827956914669797,0.7440273727983857,0.7432372733229058
0.48,0.5889303829561059,0.7407193344738494,0.7401278958694127
0.485,0.5950650744452319,0.7375552694772054,0.736990138291485
0.49,0.6011997659343581,0.7341685480548688,0.7338201740554913
0.495,0.6073344574234841,0.7308772508149742,0.7306348239655204
0.5,0.6134691489126103,0.7275976723343228,0.7274373565190493
0.505,0.6196038404017364,0.7242310402135563,0.7242308807746538
0.51,0.6257385318908625,0.7209313724313396,0.7210299056723538
0.515,0.6318732233799886,0.7175463251174685,0.7178280536560965
0.52,0.6380079148691147,0.7142500055521802,0.7130212099397271
0.525,0.6441426063582408,0.7110139538915901,0.7098564752996965
0.53,0.650277297847367,0.707685826265491,0.7067242183638643
0.535,0.656411989336493,0.7045167389434532,0.7036295451630452
0.54,0.6625466808256192,0.7012656203066892,0.700576306146706
0.545,0.6686813723147452,0.6981300151539299,0.6975728718571659
0.55,0.6748160638038714,0.6951065752682473,0.6961952240864422
0.555,0.6809507552929974,0.6920429567794317,0.6932849858206945
0.56,0.6870854467821236,0.6891517714623909,0.6904472125355957
0.565,0.6932201382712495,0.6862003182406519,0.6876731350915731
0.57,0.6993548297603757,0.683406231214516,0.68497885681766
0.575,0.7054895212495018,0.680732679997774,0.6823650154694616
0.58,0.7116242127386279,0.6780741957572058,0.679834560666652
0.585,0.717758904227754,0.6756618054608214,0.6774035957382648
0.59,0.7238935957168801,0.6731037677280842,0.6750636704225297
0.595,0.7300282872060062,0.6708085650241701,0.6728350334599142
0.6,0.7361629786951324,0.6686422686719693,0.6707084373941419
0.605,0.7422976701842584,0.6664826687536228,0.6686907380979693
0.61,0.7484323616733846,0.6646378012264803,0.6667917410638277
0.615,0.7545670531625106,0.6626757461068674,0.6650075400386345
0.62,0.7607017446516368,0.6609664813652925,0.6633531222791138
0.625,0.7668364361407629,0.6593593372400139,0.6618225885459168
0.63,0.772971127629889,0.657874403032592,0.6604284547927969
0.635,0.7791058191190151,0.6566355627693563,0.6591634665497441
0.64,0.7852405106081412,0.6553783073130159,0.6580296965224756
0.645,0.7913752020972673,0.6544642440917643,0.6570396606647448
0.65,0.7975098935863933,0.6534714977727099,0.6561885758095121
0.655,0.8036445850755195,0.6527348900486242,0.6554787538208467
0.66,0.8097792765646457,0.6521640190624564,0.6549141806712817
0.665,0.8159139680537717,0.651683549933337,0.6544965304692807
0.67,0.8220486595428979,0.6514575452907185,0.6542037209270111
0.675,0.8281833510320239,0.6512650228173786,0.6540120753676275
0.68,0.83431804252115,0.6514558711822556,0.6540032265086042
0.685,0.8404527340102762,0.651509442653097,0.654168963246524
0.69,0.8465874254994021,0.6518526348881833,0.6544743684619976
0.695,0.8527221169885283,0.6523130147157374,0.6549294868058082
0.7,0.8588568084776543,0.6529357830642837,0.6555272232468474
0.705,0.8649914999667805,0.6537360069099958,0.6562697302102828
0.71,0.8711261914559065,0.6546266326127563,0.6571605153519435
0.715,0.8772608829450327,0.6558671469844575,0.6581865046819212
0.72,0.8833955744341587,0.6565267457192058,0.6593606127512232
0.725,0.8895302659232849,0.6569419246182382,0.6606617139054243
0.73,0.895664957412411,0.6591735112005283,0.6621003311120118
0.735,0.9017996489015371,0.661354874528903,0.6636586869334887
0.74,0.9079343403906632,0.6630490722943015,0.6653524063821841
0.745,0.9140690318797893,0.6649357925330424,0.6671685749070912
0.75,0.9202037233689154,0.6670167093535861,0.6691032862551282
0.755,0.9263384148580416,0.6690641440048536,0.6711566201457451
0.76,0.9324731063471676,0.6714413780234989,0.6733146256750769
0.765,0.9386077978362938,0.6737097949919911,0.6755845573131336
0.77,0.9447424893254198,0.6763398193886744,0.6779440138942799
0.775,0.950877180814546,0.6787806695289438,0.6804325362660428
0.78,0.9570118723036721,0.681475984155714,0.6830507621840275
0.785,0.9631465637927982,0.6841813434332693,0.6857233567673615
0.79,0.9692812552819243,0.6870775510757015,0.6884459354462585
0.795,0.9754159467710504,0.6899921739112359,0.6912456825533931
0.8,0.9815506382601765,0.6929419530245094,0.6941143869853474
0.805,0.9876853297493026,0.6960557947672406,0.6970434390414505
0.81,0.9938200212384287,0.6990541230259641,0.7000275772379586
0.815,0.9999547127275547,0.7022951970119456,0.7030493430151777
0.82,1.0060894042166808,0.705415735188531,0.7061204551323547
0.825,1.0122240957058068,0.7087857155262283,0.7092158816819826
0.83,1.0183587871949331,0.7119246688959158,0.7123534001015582
0.835,1.0244934786840592,0.7152979974505415,0.7155078987641242
0.84,1.0306281701731852,0.7185290267857378,0.7186838419589174
0.845,1.0367628616623112,0.7218437615441284,0.7218636116873423
0.85,1.0428975531514375,0.7251785856040841,0.7250460918770893
0.855,1.0490322446405635,0.7285268025317508,0.7282265790805702
0.86,1.0551669361296896,0.7317310461315277,0.7313899266021593
0.865,1.0613016276188159,0.7348984593451002,0.7345437875091201
0.87,1.067436319107942,0.7382031494527082,0.7376659200747187
0.875,1.073571010597068,0.7413437769308586,0.7407657311941329
0.88,1.0797057020861942,0.7446685563400317,0.7438181889598557
0.885,1.0858403935753203,0.7477204560696017,0.746840193895427
0.89,1.0919750850644463,0.7508761505239261,0.7498014526095962
0.895,1.0981097765535723,0.7538527153726216,0.7527116908753438
0.9,1.1042444680426986,0.7568242578959258,0.7555572766666072
0.905,1.1103791595318246,0.759732184297606,0.7583345428886561
0.91,1.1165138510209507,0.7624860927206114,0.7610372714243391
0.915,1.122648542510077,0.7652852020721409,0.7636595630343073
0.92,1.128783233999203,0.767859980889515,0.7662078749940643
0.925,1.134917925488329,0.7705117686962288,0.768657733432258
0.93,1.141052616977455,0.7728873286064087,0.7710158347827432
0.935,1.1471873084665813,0.7753867725429108,0.7732560310657042
0.94,1.1533219999557072,0.7774844304480938,0.7753959402797366
0.945,1.1594566914448334,0.7796440303664403,0.7774207346070177
0.95,1.1655913829339595,0.7816010631606595,0.7793308923642515
0.955,1.1717260744230855,0.7835011762671112,0.7811232247734119
0.96,1.1778607659122118,0.7852841017810928,0.7827886438171231
0.965,1.1839954574013378,0.7867991699408625,0.7843343242459453
0.97,1.1901301488904639,0.7884130104999977,0.7857427277807332
0.975,1.1962648403795901,0.7896501766547704,0.7870212683303978
0.98,1.2023995318687162,0.7908639052910497,0.7881604592803112
0.985,1.2085342233578422,0.7917126782822144,0.7891636488474005
0.99,1.2146689148469683,0.7926585495642792,0.7900239014394591
0.995,1.2208036063360945,0.7933968313968303,0.790744804431766
1.0,1.2269382978252206,0.7939660282745327,0.7913254809103643
1.005,1.2330729893143466,0.7944632384882914,0.7917704748839411
1.01,1.2392076808034729,0.7947059842155467,0.7920621683539016
1.015,1.2453423722925987,0.7949453817258761,0.7922090913014657
1.02,1.251477063781725,0.7948616763026845,0.7922082143875083
1.025,1.257611755270851,0.7947093324324751,0.792046623061023
1.03,1.2637464467599773,0.7944347786444065,0.7917448849402797
1.035,1.269881138249103,0.7939543095152871,0.7913087398257258
1.04,1.2760158297382294,0.7934520769761371,0.7907337234281244
1.045,1.2821505212273554,0.7926233932865401,0.7900166469694492
1.05,1.2882852127164817,0.7918382364170018,0.7891673159421311
1.055,1.2944199042056077,0.7909459366057784,0.7881673948725187
1.06,1.300554595694734,0.7896267391362769,0.7870286822393094
1.065,1.3066892871838598,0.788369483679939,0.7857568381235
1.07,1.312823978672986,0.7867807547477602,0.7843456444079392
1.075,1.318958670162112,0.7850195926438068,0.7828152701136434
1.08,1.3250933616512384,0.7833136761191627,0.7811492133143267
1.085,1.3312280531403642,0.7817048578854188,0.7793587144525318
1.09,1.3373627446294905,0.7796373339325836,0.777449433609255
1.095,1.3434974361186165,0.7775999439320986,0.7754168267758094
1.1,1.3496321276077428,0.7755608798231484,0.773279309145297
1.105,1.3557668190968688,0.7729676858126721,0.7710204585108817
1.11,1.3619015105859948,0.7705502731908963,0.7686460146730114
1.115,1.3680362020751209,0.7679972577835504,0.7661809298197421
1.12,1.3741708935642472,0.7653103136990974,0.7636179494810639
1.125,1.3803055850533732,0.7627238161224754,0.7609802720171185
1.13,1.386440276542499,0.7597221396468233,0.7582608023967973
1.135,1.3925749680316253,0.7568343025467108,0.7554652007010967
1.14,1.3987096595207513,0.7538594118064783,0.7525894012380336
1.145,1.4048443510098776,0.7507673334737779,0.7496495073366409
1.15,1.4109790424990036,0.7477355230457756,0.7466569188783628
1.155,1.41711373398813,0.7444023730942828,0.7436014317735149
1.16,1.4232484254772557,0.741082616010501,0.7405169267886273
1.165,1.429383116966382,0.7378599572176218,0.7373952725397327
1.17,1.435517808455508,0.7345468965676967,0.7342406144382655
1.175,1.4416524999446343,0.7313895280049069,0.7310735998219459
1.18,1.4477871914337601,0.7279107306170614,0.7278833071260342
1.185,1.4539218829228864,0.7246060405094534,0.7246930144301225
1.19,1.4600565744120124,0.7213130691610935,0.7214996923950856
1.195,1.4661912659011387,0.7178995620033374,0.7183095591380751
1.2,1.4723259573902647,0.7147555863082585,0.7151363264046044
1.205,1.4784606488793908,0.7113956506213438,0.7119742543942259
1.21,1.4845953403685168,0.7081930811300323,0.7088490127700517
1.215,1.490730031857643,0.7049955339641096,0.7057623553599962
1.22,1.4968647233467691,0.7017494376527369,0.7027171520642835
1.225,1.5029994148358954,0.6988030067563892,0.6997224909002882
1.23,1.5091341063250212,0.6957276695083281,0.6967731103842671
1.235,1.5152687978141475,0.692725993032676,0.6939028115632994
1.24,1.5214034893032735,0.6897745398109371,0.691094614194395
1.245,1.5275381807923998,0.6868666134092594,0.6883590412450407
1.25,1.5336728722815258,0.6841294460708908,0.6857105219358056
1.255,1.5398075637706516,0.6813320108278267,0.6831386927381043
1.26,1.545942255259778,0.6787722989866241,0.6806644401480093
1.265,1.552076946748904,0.676262810399337,0.6782813866094679
1.27,1.5582116382380302,0.6739106880076531,0.6760026858318385
1.275,1.564346329727156,0.6716590121237953,0.6738275406206151
1.28,1.5704810212162823,0.6694525371684641,0.671756748170304
1.285,1.5766157127054083,0.667634455376741,0.6698053754570796
1.29,1.5827504041945346,0.6656338957624606,0.6679711903363235
1.295,1.5888850956836607,0.663866037224653,0.6662671073590426
1.3,1.5950197871727867,0.6622806565094026,0.664692090172378
1.305,1.6011544786619127,0.6607471731565306,0.6632550673548037
1.31,1.607289170151039,0.6594363462293489,0.6619545242367569
1.315,1.613423861640165,0.6581489568206607,0.6607878300763664
1.32,1.6195585531292913,0.6571428176338977,0.659763833732655
1.325,1.6256932446184171,0.6560713882170428,0.6588803827804549
1.33,1.6318279361075434,0.6553163652998549,0.658142419825707
1.335,1.6379626275966694,0.6547488425306155,0.6575518581352272
1.34,1.6440973190857957,0.654208105496798,0.6571035956641731
1.345,1.6502320105749215,0.6539887972880362,0.6568030533351898
1.35,1.6563667020640478,0.6537912524893026,0.6566558115098231
1.355,1.6625013935531738,0.6539519669018317,0.6566455277006882
1.36,1.6686360850423,0.654020605348847,0.6567864716894527
1.365,1.6747707765314261,0.654271721618422,0.6570672435946727
1.37,1.6809054680205524,0.6547588871813981,0.6575052222565917
1.375,1.6870401595096782,0.6553582180114508,0.6580906819022296
1.38,1.6931748509988043,0.6561617900740913,0.6588276085041189
1.385,1.6993095424879305,0.6570507416683864,0.6597167992567665
1.39,1.7054442339770566,0.6582209434846067,0.6607415927949845
1.395,1.7115789254661826,0.6593225068538093,0.6619200057146218
1.4,1.7177136169553087,0.6607739588919526,0.6632260494747638
1.405,1.723848308444435,0.6620646965175667,0.6646727183458677
1.41,1.729982999933561,0.6637069969205869,0.6662404013430716
1.415,1.7361176914226872,0.6653325562389701,0.6679421724562836
1.42,1.742252382911813,0.6673465087209615,0.6697761184186878
1.425,1.7483870744009393,0.6694374701922902,0.671731955421149
1.43,1.7545217658900654,0.6715468468567187,0.6738072918801478
1.435,1.7606564573791916,0.6739893711054534,0.6759932789366608
1.44,1.7667911488683175,0.6762695068331938,0.6782936634048692
1.445,1.7729258403574437,0.6789547768091814,0.6806893923360653
1.45,1.7790605318465698,0.6814157162510183,0.683195692145325
1.455,1.785195223335696,0.6841712987824866,0.6857849799027207
1.46,1.791329914824822,0.6868733098431136,0.6884719239871732
1.465,1.7974646063139483,0.6897577987262977,0.691236594536018
1.47,1.8035992978030742,0.6927845868289088,0.6940863257387156
1.475,1.8097339892922004,0.695831464233085,0.6970019849271082
1.48,1.8158686807813265,0.6989402836504247,0.6999744840838202
1.485,1.8220033722704527,0.7020675182608642,0.7030070119868784
1.49,1.8281380637595785,0.7053588155007612,0.7060768485928448
1.495,1.8342727552487048,0.7085312510397249,0.7091977056472328
1.5,1.8404074467378309,0.7119548028482661,0.7123380939670323
1.505,1.846542138226957,0.7151490017972604,0.7155165881842465
1.51,1.8526768297160832,0.7184905222910704,0.7187059242467504
1.515,1.858811521205209,0.721765078446328,0.7219138349412577
1.52,1.8649462126943352,0.7251769114956211,0.7251218253552157
1.525,1.8710809041834613,0.7285753516772033,0.7283239962492757
1.53,1.8772155956725876,0.7318599524832436,0.7315194707094803
1.535,1.8833502871617134,0.735229932820941,0.7346922251262472
1.54,1.8894849786508396,0.7384559398307461,0.7378477601416717
1.545,1.8956196701399657,0.7418075049753411,0.7409622396400073
1.55,1.901754361629092,0.7449029315249699,0.7440483390139081
1.555,1.907889053118218,0.7481640948125166,0.7470739313247589
1.56,1.9140237446073443,0.7511473560950688,0.7500528080375237
1.565,1.92015843609647,0.7542394344277692,0.7529662350812978
1.57,1.9262931275855963,0.7571255974194163,0.7558171620757553
1.575,1.9324278190747224,0.7600301756041682,0.7585907612030739
1.58,1.9385625105638487,0.7629364278973829,0.7612763500568652
1.585,1.9446972020529745,0.7655681264025291,0.7638818208627444
1.59,1.9508318935421007,0.7683337535847801,0.7663850913328792
1.595,1.9569665850312268,0.7707628849658038,0.7687942928512369
1.6,1.963101276520353,0.7733393378916433,0.7710857487409714
1.605,1.969235968009479,0.775492241376133,0.7732730113086949
1.61,1.9753706594986051,0.777705412765321,0.7753385422752628
1.615,1.9815053509877312,0.7796724902103251,0.7772856898576022
1.62,1.9876400424768574,0.781634545329938,0.7791082359385622
1.625,1.9937747339659835,0.7834224931693109,0.7807990854870339
1.63,1.9999094254551093,0.7849727176068197,0.7823588762586227
1.635,2.006044116944236,0.7865748394067094,0.7837672797934103
1.64,2.0121788084333616,0.7877986126937712,0.7850389644703184
1.645,2.018313499922488,0.7890491717162549,0.7861589430326229
1.65,2.0244481914116137,0.7899280786597674,0.7871308825750541
1.655,2.03058288290074,0.7908354454471648,0.7879490432971645
1.66,2.0367175743898662,0.7915402451104397,0.7886146209907144
1.665,2.0428522658789925,0.7920374553241984,0.7891239485609728
1.67,2.0489869573681183,0.7925129021279265,0.7894776637635458
1.675,2.0551216488572446,0.7926334379373227,0.7896697079201825
1.68,2.0612563403463704,0.7927857818075321,0.7897056613924297
1.685,2.0673910318354967,0.7925129021279265,0.7895852053024842
1.69,2.0735257233246225,0.792273504617597,0.7893017229359419
1.695,2.0796604148137487,0.7918533033931757,0.7888628673600657
1.7,2.085795106302875,0.7911736153568598,0.7882660875524342
1.705,2.0919297977920013,0.7905207130559633,0.7875221456388869
1.71,2.098064489281127,0.7894693729406762,0.7866200403352327
1.715,2.1041991807702534,0.7884012917407521,0.7855745994592941
1.72,2.110333872259379,0.787100509464353,0.7843740245323735
1.725,2.1164685637485054,0.785667472619312,0.7830242147938197
1.73,2.1226032552376317,0.7841775160864989,0.7815388819891462
1.735,2.128737946726758,0.7824431397179674,0.7799065465174579
1.74,2.134872638215884,0.7806217097093183,0.7781552696253871
1.745,2.14100732970501,0.778582645600368,0.7762626501472981
1.75,2.147142021194136,0.7765167957559983,0.7742406460007901
1.755,2.153276712683262,0.7743052984752734,0.7721032080897283
1.76,2.1594114041723884,0.7718912340704259,0.7698398931660764
1.765,2.1655460956615142,0.7695859867157292,0.767476211454045
1.77,2.1716807871506405,0.7668253818588672,0.765000523913838
1.775,2.1778154786397663,0.764166897618299,0.7624296513495445
1.78,2.1839501701288926,0.7614414490391784,0.7597682972087535
1.785,2.1900848616180184,0.7585067369020788,0.757014548224649
1.79,2.1962195531071447,0.7557360873944341,0.7541872979070371
1.795,2.202354244596271,0.7525284955777313,0.7512801686998651
1.8,2.208488936085397,0.7493912163165067,0.7483106988822782
1.805,2.214623627574523,0.7462874192245608,0.745278649295924
1.81,2.2207583190636493,0.7429910996592725,0.7421907163746582
1.815,2.226893010552775,0.7398320569880172,0.7390653153115827
1.82,2.2330277020419014,0.7364118533964069,0.7358890532389869
1.825,2.2391623935310276,0.7331121856141903,0.7326950137288941
1.83,2.245297085020154,0.7297790356627,0.7294713983026071
1.835,2.2514317765092797,0.7263487874203045,0.7262315998278362
1.84,2.257566467998406,0.7230708830481185,0.722989569208447
1.845,2.263701159487532,0.7195719963587078,0.7197358198298109
1.85,2.269835850976658,0.7162237794310411,0.7165035947028526
1.855,2.2759705424657843,0.7128437544425612,0.7132818925433814
1.86,2.28210523395491,0.70945870712869,0.710083787341305
1.865,2.2882399254440364,0.7062578117458413,0.7069241069144462
1.87,2.2943746169331627,0.7028844831912157,0.7037944010010351
1.875,2.3005093084222885,0.6997505521469194,0.7007240860783646
1.88,2.3066439999114143,0.6964709736662705,0.6976995301203722
1.885,2.3127786914005406,0.693405681068992,0.6947364378588378
1.89,2.318913382889667,0.6904240938949052,0.6918444553472911
1.895,2.325048074378793,0.6874073504430768,0.6890222273550705
1.9,2.331182765867919,0.6846517679116061,0.6862931914006702
1.905,2.337317457357045,0.6817354709676087,0.6836490566612214
1.91,2.343452148846171,0.679127209980956,0.6811080788909251
1.915,2.3495868403352973,0.6766378106952365,0.6786681853840639
1.92,2.3557215318244236,0.6741082328063843,0.6763314488463552
1.925,2.36185622331355,0.6719352400203292,0.6741177194210128
1.93,2.3679909148026757,0.6695965104963538,0.6720168727378033
1.935,2.374125606291802,0.6675540981704777,0.6700520274374175
1.94,2.3802602977809277,0.6656171546778213,0.6682136969052271
1.945,2.386394989270054,0.6638040952114895,0.6665159914839988
1.95,2.3925296807591803,0.6622622413163003,0.6649564398707619
1.955,2.398664372248306,0.6606969499026152,0.6635362378572767
1.96,2.4047990637374324,0.659483221266336,0.662271249614224
1.965,2.4109337552265586,0.6582209434846067,0.6611531843187353
1.97,2.4170684467156844,0.6571863444539564,0.6601894558797218
1.975,2.4232031382048107,0.6563961652590269,0.6593836516724634
1.98,2.4293378296939365,0.6556327717995193,0.6587365688914665
1.985,2.435472521183063,0.6552092223581697,0.6582513165953069
1.99,2.441607212672189,0.6548007398929939,0.6579298877702507
1.995,2.4477419041613153,0.654772280049109,0.6577683761632164
2.0,2.453876595650441,0.6546567665651042,0.6577723621357493
2.005,2.460011287139567,0.6548275256284158,0.6575478681767216
2.01,2.4661459786286932,0.6551707178635021,0.6577986496246039
2.015,2.4722806701178195,0.6556478387756932,0.6587574553875392
2.02,2.4784153616069458,0.6563995134759553,0.6594086038605196
2.025,2.4845500530960716,0.6571863444539564,0.6595197168308478
2.03,2.4906847445851974,0.6583465016193942,0.6604188804867727
2.035,2.496819436074324,0.659406212277001,0.6623313580800207
2.04,2.50295412756345,0.6608040928443004,0.6636079853628697
2.045,2.509088819052576,0.6622254109300958,0.6640483476363634
2.05,2.515223510541702,0.6638878006346812,0.665552199269425
2.055,2.5213582020308283,0.665712578860261,0.6689939151547967
2.06,2.5274928935199545,0.6676193884005671,0.6709219858725936
2.065,2.5336275850090804,0.6697974035120134,0.6709219858725936
2.07,2.539762276498206,0.6718950614171963,0.6729797999963376
2.075,2.545896967987333,0.6743794383775245,0.6774667455011038
2.08,2.5520316594764587,0.6767449536369218,0.6798841581228793
2.085,2.558166350965585,0.6794687281075793,0.6813138347930753
2.09,2.564301042454711,0.6820183952979969,0.6824092159188789
2.095,2.5704357339438375,0.6848493127103397,0.6877591643367512
2.1,2.5765704254329633,0.6876601408211148,0.6905689042770259
2.105,2.582705116922089,0.6906584690798409,0.6921351921838433
2.11,2.5888398084112154,0.6937321322194391,0.6934563228500223
2.115,2.5949744999003417,0.6968041212505742,0.6994386657401076
2.12,2.601109191389468,0.7000770032973664,0.7025204483057552
2.125,2.6072438828785938,0.7032477647278672,0.704161509071318
2.13,2.6133785743677196,0.7066947540549019,0.7056506126060077
2.135,2.619513265856846,0.7099073681969961,0.7088212066256616
2.14,2.625647957345972,0.7133593798494221,0.7152553913901356
2.145,2.631782648835098,0.7166690922824189,0.7168961332778958
2.15,2.637917340324224,0.720082599440175,0.7184984743062734
2.155,2.64405203181335,0.723460950320192,0.721747835129151
2.16,2.6501867233024767,0.7268292565494239,0.728231824620424
2.165,2.6563214147916026,0.7302343931648604,0.7297984872086596
2.17,2.6624561062807284,0.7335307127301486,0.7314482055065638
2.175,2.6685907977698546,0.7369827243825746,0.7346353732000098
2.18,2.674725489258981,0.7401568340300013,0.7408843178629605
2.185,2.680860180748107,0.7435720152962229,0.7439291026315574
2.19,2.686994872237233,0.7465988033988314,0.7439291026315574
2.195,2.693129563726359,0.7497109710330995,0.7469072578832938
2.2,2.6992642552154855,0.752647357278662,0.7526353874031461
2.205,2.7053989467046113,0.7556038328257924,0.755371382865589
2.21,2.7115336381937376,0.7584665582989484,0.7565245127614498
2.215,2.7176683296828634,0.7611317389733707,0.7580092755720511
2.22,2.7238030211719897,0.7638203571662867,0.7629592794779138
2.225,2.729937712661116,0.7662059617272493,0.765252222135403
2.23,2.7360724041502418,0.7687154503145339,0.7661184297704254
2.235,2.742207095639368,0.7708030635689342,0.7674165095574468
2.24,2.7483417871284943,0.7729224848841479,0.7713210327276453
2.245,2.75447647861762,0.774752285435119,0.7730530653443273
2.25,2.7606111701067464,0.7765619966845225,0.7735890192111059
2.255,2.766745861595872,0.778180859569049,0.774636102307728
2.26,2.772880553084998,0.779587110678668,0.7760547418199805
2.265,2.7790152445741247,0.7808627813281107,0.7783877793751783
2.27,2.7851499360632506,0.7819024026841499,0.7785511564173584
2.275,2.791284627552377,0.7828415775323605,0.779287696379912
2.28,2.7974193190415026,0.7834425824708761,0.7800109949417112
2.285,2.8035540105306294,0.7839799712877676,0.7808922456370733
2.29,2.809688702019755,0.7842813108112582,0.7806608519595912
2.295,2.815823393508881,0.7843516233667389,0.7810477703133635
2.3,2.8219580849980073,0.7843080965466777,0.7810147066712027
2.305,2.8280927764871335,0.7839766230708394,0.7803534338279885
2.31,2.83422746797626,0.7835128950263568,0.7797272335570916
2.315,2.8403621594653856,0.7827461533499233,0.7797272335570916
2.32,2.8464968509545114,0.7818186972609582,0.778901144735613
2.325,2.852631542443638,0.7806719329632339,0.7766582579211923
2.33,2.858766233932764,0.7793393426260214,0.7752463148427953
2.335,2.86490092542189,0.7778041851646865,0.7741320681089932
2.34,2.871035616911016,0.7760329784099506,0.7736396729500544
2.345,2.8771703084001423,0.7740910125919029,0.7698613775580287
2.35,2.8833049998892686,0.7719364349989501,0.7676920678105936
2.355,2.8894396913783944,0.7695809643903379,0.7662318705487127
2.36,2.8955743828675202,0.7670631052607312,0.7653446329226065
2.365,2.901709074356647,0.7643410048985391,0.7601300361740352
2.37,2.9078437658457728,0.7614866499677027,0.7572782761113181
2.375,2.913978457334899,0.7583995939603936,0.7555284182254689
2.38,2.920113148824025,0.7552037209029363,0.7542712424885807
2.385,2.9262478403131507,0.75184713343295,0.7511155480342547
2.39,2.9323825318022774,0.7483331797673628,0.7443914913892681
2.395,2.938517223291403,0.7447338465701211,0.7424242146456373
2.4,2.9446519147805295,0.7409219015979743,0.740840874748324
2.405,2.9507866062696553,0.7370279253110964,0.7371759164993
2.41,2.9569212977587815,0.7330217837571443,0.7295434886018374
2.415,2.963055989247908,0.7289453296477092,0.7274398278220195
2.42,2.9691906807370336,0.7247834960066194,0.7255947689681935
2.425,2.9753253722261594,0.7205312605084836,0.7215696262831759
2.43,2.981460063715286,0.7162254535395041,0.7133412994780117
2.435,2.987594755204412,0.7118710974250744,0.70915711648893
2.44,2.9937294466935382,0.7074849332498291,0.70915711648893
2.445,2.999864138182664,0.703078679773021,0.7049417113769978
2.45,3.0059988296717908,0.6986372700184712,0.6964582504419454
2.455,3.0121335211609166,0.6942142754570239,0.6922158921837452
2.46,3.0182682126500424,0.6897812362447914,0.6901305668775789
2.465,3.0244029041391687,0.6853666122256635,0.6879860060336007
2.47,3.030537595628295,0.6809837962673491,0.6796065909395759
2.475,3.036672287117421,0.6766562258883388,0.6754794113436875
2.48,3.042806978606547,0.6723805528717095,0.673541666670553
2.485,3.048941670095673,0.6681634736513129,0.6714074773271056
2.49,3.0550763615847996,0.6640250775287166,0.6634677668211063
2.495,3.0612110530739254,0.6599770832631664,0.6596183218193679
2.5,3.0673457445630516,0.6560094462038818,0.6579007901707606
2.505,3.0734804360521775,0.6521807601470957,0.6558639661783752
2.51,3.0796151275413033,0.6484240607542533,0.6522115637428298
2.515,3.08574981903043,0.6448197052316202,0.6452491140525934
2.52,3.091884510519556,0.6413208185422096,0.6438142038004615
2.525,3.0980192020086816,0.6379876685907168,0.6419557241771172
2.53,3.104153893497808,0.6347867732078657,0.6387965978004404
2.535,3.110288584986934,0.631728177044444,0.632909427976524
2.54,3.1164232764760604,0.6288336435104747,0.6318055049115823
2.545,3.1225579679651863,0.626089779738252,0.6301945262807256
2.55,3.128692659454312,0.6235501571986171,0.6276383300672984
2.555,3.134827350943439,0.6211662267461174,0.6230252404897825
2.56,3.1409620424325646,0.6189497071400036,0.6209764665517431
2.565,3.147096733921691,0.6169491475257233,0.6209764665517431
2.57,3.1532314254108167,0.6151159987578239,0.6191043947620616
2.575,3.1593661168999434,0.6134736983548037,0.6159033319683657
2.58,3.165500808389069,0.6120088534489495,0.614578442530088
2.585,3.171635499878195,0.6107917765957445,0.6143111511839743
2.59,3.1777701913673213,0.6097270436127463,0.6134402998909508
2.595,3.1839048828564476,0.6088531589946251,0.6117286913975277
2.6,3.1900395743455734,0.6081985825852657,0.6111555603649343
2.605,3.1961742658346997,0.6077298322153919,0.6112661073271629
2.61,3.2023089573238255,0.607448581993469,0.610771101356215
2.615,3.208443648812952,0.6073782694379883,0.6105648511934707
2.62,3.214578340302078,0.6074988052473821,0.6107394607062486
2.625,3.220713031791204,0.607788426011627,0.6112105428700538
2.63,3.22684772328033,0.6082889844423116,0.6110973850958162
2.635,3.232982414769456,0.6089653242617017,0.611636196904901
2.64,3.2391171062585826,0.6098241419036465,0.6132387372319055
2.645,3.2452517977477084,0.6108671114766164,0.6140385903821722
2.65,3.2513864892368343,0.6120875365467499,0.6142978619515496
2.655,3.2575211807259605,0.6134770465717321,0.6155217189440348
2.66,3.263655872215087,0.6150306192261692,0.6184477257171228
2.665,3.269790563704213,0.61674323218467,0.6195305430575028
2.67,3.275925255193339,0.6186081890133803,0.6201381567384783
2.675,3.2820599466824647,0.6206321861461567,0.6219723099714544
2.68,3.2881946381715914,0.6227850896306465,0.6260500196622363
2.685,3.2943293296607172,0.6250652253583867,0.6282786765547145
2.69,3.300464021149843,0.6275044013901906,0.6282786765547145
2.695,3.3065987126389693,0.6300356533875083,0.6306256092101625
2.7,3.3127334041280956,0.6326757224349717,0.6356416566949232
2.705,3.318868095617222,0.6354296308579795,0.6382948674938296
2.71,3.3250027871063477,0.6382689188126396,0.6397963434872613
2.715,3.3311374785954735,0.6411868898651024,0.641034629700316
2.72,3.3372721700846,0.6441818699069002,0.6467384846474429
2.725,3.343406861573726,0.6472588812634242,0.6496845807220966
2.73,3.3495415530628523,0.6503727230061552,0.6512588047002271
2.735,3.355676244551978,0.6535384621112647,0.6526824904537063
2.74,3.361810936041105,0.6567627950126068,0.658795581214817
2.745,3.3679456275302306,0.6600088913239796,0.6618922633457925
2.75,3.3740803190193565,0.6632667063946004,0.6634648092294868
2.755,3.3802150105084827,0.666541262549858,0.6650042635692126
2.76,3.3863497019976085,0.6698258633558982,0.6681212861180237
2.765,3.392484393486735,0.673098745402693,0.6743339863327324
2.77,3.398619084975861,0.6763297747378918,0.6758299337822612
2.775,3.404753776464987,0.679554107639234,0.6774123369760293
2.78,3.410888467954113,0.682743284262837,0.6804591306747827
2.785,3.4170231594432394,0.6858772153071332,0.6864241465422674
2.79,3.4231578509323652,0.6889542266636597,0.6877731032826989
2.795,3.4292925424214915,0.6919692960070227,0.6893236186962036
2.8,3.4354272339106173,0.6949157269033703,0.6921563776278561
2.805,3.441561925399744,0.6977700818342043,0.6975904499960359
2.81,3.44769661688887,0.7005239902572121,0.7001740178828468
2.815,3.4538313083779957,0.7031858227147062,0.7001740178828468
2.82,3.459965999867122,0.7057488827728347,0.7026588133702915
2.825,3.466100691356248,0.7081947552384953,0.7073057199387769
2.83,3.4722353828453745,0.7105150695693684,0.7094512573460257
2.835,3.4783700743345003,0.7126964328977431,0.7102515967849414
2.84,3.484504765823626,0.7147522380913303,0.7114703158588318
2.845,3.490639457312753,0.7166640699570276,0.7151071490856634
2.85,3.4967741488018786,0.7184419731456203,0.716711530931978
2.855,3.502908840291005,0.7200474431624359,0.7171963567290767
2.86,3.5090435317801307,0.7214972210921161,0.7181676704738204
2.865,3.515178223269257,0.722794655151587,0.7206213275438376
2.87,3.5213129147583833,0.7239363971239201,0.7216095537700387
2.875,3.527447606247509,0.7248856166229133,0.7217564687456576
2.88,3.533582297736635,0.7256540324078147,0.7224345544210156
2.885,3.539716989225761,0.7262583855632562,0.7230940694503427
2.89,3.5458516807148874,0.7267070466315647,0.7239118714349253
2.895,3.5519863722040137,0.7269531405757484,0.7237141392954839
2.9,3.5581210636931395,0.7270033638296639,0.7240666427624067
2.905,3.5642557551822653,0.7268928726710504,0.7240504039103074
2.91,3.570390446671392,0.7266233412083731,0.7235071557137935
2.915,3.576525138160518,0.7261596131638905,0.7229735455988643
2.92,3.582659829649644,0.7255134072968508,0.7229824901212282
2.925,3.58879452113877,0.7246947682580364,0.7222904136822794
2.93,3.5949292126278967,0.7237053701559103,0.7204164166678643
2.935,3.6010639041170225,0.7225686505089686,0.7192397695340591
2.94,3.6071985956061483,0.7212360601717561,0.7192397695340591
2.945,3.6133332870952746,0.7197594965066564,0.7179067606697318
2.95,3.619467978584401,0.7181171961036362,0.7147955975005439
2.955,3.6256026700735267,0.7163041366373044,0.713026064854272
2.96,3.631737361562653,0.7143755636869678,0.7118577842768133
2.965,3.6378720530517787,0.7123013433002783,0.7111195064302354
2.97,3.6440067445409055,0.7100948683449471,0.7069218468680196
2.975,3.6501414360300313,0.707762835254826,0.7046442223029745
2.98,3.656276127519157,0.7052968734876002,0.7032782175580196
2.985,3.6624108190082834,0.702725442887152,0.7022568599281249
2.99,3.6685455104974096,0.7000468693450186,0.6971802934223968
2.995,3.674680201986536,0.697287938596622,0.6945065747948087
3.0,3.6808148934756617,0.6944453024250311,0.6930090768019647
3.005,3.6869495849647875,0.6915022197456143,0.691753670836881
3.01,3.693084276453914,0.6884921727276402,0.6889304543234724
3.015,3.69921896794304,0.6854235319134333,0.6831034686988309
3.02,3.7053536594321663,0.6822962973029938,0.681546137272295
3.025,3.711488350921292,0.6791422769571324,0.6801187007186625
3.03,3.717623042410418,0.6759581226589206,0.6770980231119448
3.035,3.7237577338995447,0.6727522049506807,0.670988364273185
3.04,3.7298924253886705,0.6695211756154819,0.6694471162458194
3.045,3.7360271168777968,0.6662851239548917,0.6679171285908594
3.05,3.7421618083669226,0.6630591169450841,0.6648467299627658
3.055,3.748296499856049,0.6598398063691333,0.6587477854181747
3.06,3.754431191345175,0.656643933311676,0.6557377384002024
3.065,3.760565882834301,0.6534932611827404,0.6557377384002024
3.07,3.7667005743234268,0.6503995087415771,0.6527666144040142
3.075,3.7728352658125535,0.6473492831204726,0.6469736968866117
3.08,3.7789699573016793,0.6443710441633117,0.6441693140934212
3.085,3.7851046487908055,0.6414580954362425,0.642928600423094
3.09,3.7912393402799314,0.6386221556985086,0.6414374201967146
3.095,3.797374031769058,0.6358799660347512,0.6362260879596477
3.1,3.803508723258184,0.633248267529605,0.6337619677117314
3.105,3.8096434147473097,0.6307203637492156,0.6327562390801384
3.11,3.815778106236436,0.6282912323681943,0.6314020607156887
3.115,3.8219127977255622,0.6260010519896689,0.6270226766797238
3.12,3.8280474892146885,0.6238180145528314,0.625015169515318
3.125,3.8341821807038143,0.6217622093592442,0.6242906711757863
3.13,3.84031687219294,0.619870466795112,0.623137740578552
3.135,3.8464515636820664,0.6181143270165499,0.6213954959002407
3.14,3.8525862551711927,0.6165088569997343,0.6183364812097011
3.145,3.8587209466603185,0.6150707978293021,0.6179269863075024
3.15,3.8648556381494448,0.6137767119867571,0.61702933732114
3.155,3.8709903296385706,0.6126416664482783,0.6158745373027877
3.16,3.8771250211276973,0.6116757058646483,0.6140361987986523
3.165,3.883259712616823,0.6108738079104706,0.6139599870038226
3.17,3.889394404105949,0.6102493654534615,0.6133579337545302
3.175,3.895529095595075,0.6098007043851529,0.6128439824561334
3.18,3.9016637870842015,0.6095261505970844,0.6123131226622516
3.185,3.9077984785733277,0.6094139853300078,0.6122967163993062
3.19,3.9139331700624536,0.6094859719939539,0.6122967163993062
3.195,3.9200678615515794,0.6097370882635289,0.6124465491068193
3.2,3.926202553040706,0.6101522671625589,0.6132399928132531
3.205,3.932337244529832,0.6107415533418289,0.6138820971145564
3.21,3.938471936018958,0.6115032726928736,0.6145423375908846
3.215,3.944606627508084,0.6124357511072275,0.6146856691771965
3.22,3.9507413189972103,0.6135389885848931,0.6167643259513153
3.225,3.9568760104863365,0.6148029404750878,0.6180329653452082
3.23,3.9630107019754623,0.6162125398016352,0.618976652314326
3.235,3.9691453934645886,0.61778620175764,0.619449177400188
3.24,3.975280084953715,0.6195055111499951,0.6227074947033469
3.245,3.9814147764428407,0.6213620974363881,0.6245388856573573
3.25,3.987549467931967,0.6233542865083488,0.6257198017677454
3.255,3.993684159421093,0.6254837524743451,0.6264981784980048
3.26,3.9998188509102186,0.6277471471174484,0.6285790953185498
3.265,4.005953542399345,0.6301076400514519,0.6330810240940672
3.27,4.012088233888472,0.6325886687948542,0.634442704058824
3.275,4.018222925377597,0.6351734922630132,0.6354878898325205
3.28,4.024357616866723,0.6378503916966812,0.6379890078774875
3.285,4.03049230835585,0.6406109965535433,0.643243866934614
3.29,4.036626999844976,0.6434553068335971,0.6447206139544515
3.295,4.042761691334102,0.6463649073437377,0.6459813690946742
3.3,4.048896382823227,0.6493381239755074,0.6487814829112819
3.305,4.055031074312354,0.6523598897527246,0.6545381559804426
3.31,4.06116576580148,0.6554352270007882,0.6574763837453165
3.315,4.067300457290606,0.6585423723096624,0.6574763837453165
3.32,4.0734351487797325,0.6616763033539587,0.6604433224703451
3.325,4.079569840268858,0.6648253013744289,0.6664272557634708
3.33,4.085704531757985,0.6679742993948989,0.6694265047818515
3.335,4.091839223247111,0.6711216233069062,0.6709043878038609
3.34,4.097973914736237,0.6742555543512024,0.6724190573663769
3.345,4.104108606225363,0.6773643737685396,0.67834941918866
3.35,4.110243297714489,0.6804531038843141,0.6812705710472027
3.355,4.116377989203615,0.6835183964815926,0.6826377357101647
3.36,4.122512680692741,0.686511702414925,0.6841516280080369
3.365,4.1286473721818675,0.6894464145520247,0.6897593054239162
3.37,4.134782063670993,0.69232588110982,0.6924693522051696
3.375,4.140916755160119,0.6951149458105645,0.6936645301252805
3.38,4.147051446649245,0.6978353720642937,0.695106491562823
3.385,4.153186138138372,0.7004620482440486,0.6976636922413286
3.39,4.1593208296274975,0.7030033448921489,0.7025139192827465
3.395,4.165455521116624,0.7054241057308506,0.7034882783105053
3.4,4.17159021260575,0.707761161146363,0.7047944735376036
3.405,4.177724904094876,0.7099810289694052,0.7069705634243173
3.41,4.1838595955840026,0.7120820350915165,0.7109859125748216
3.415,4.189994287073128,0.7140491125365207,0.7117029691036342
3.42,4.196128978562254,0.7158772389790264,0.7128157968312145
3.425,4.20226367005138,0.7175680885274991,0.7145195370148576
3.43,4.208398361540507,0.7191183129650078,0.7175270728701343
3.435,4.2145330530296325,0.7205480015931229,0.7188258462163762
3.44,4.220667744518758,0.7218337168933457,0.7188258462163762
3.445,4.226802436007885,0.7229754588656813,0.7199880960173924
3.45,4.232937127497011,0.7239749016185876,0.7218954914956609
3.455,4.239071818986137,0.7248253487182152,0.7226338570336347
3.46,4.245206510475263,0.7255117331883878,0.7226950855577132
3.465,4.251341201964389,0.7260440996798857,0.723225738081023
3.47,4.257475893453516,0.7264006847826829,0.7239686237118492
3.475,4.263610584942642,0.7265731179544576,0.7241180378922463
3.48,4.269745276431768,0.7265279170259334,0.7238860941505548
3.485,4.275879967920893,0.7264375151688875,0.7241244832098321
3.49,4.28201465941002,0.7262483409124736,0.7237271335659411
3.495,4.288149350899146,0.7259403049551288,0.7233243430695426
3.5,4.294284042388272,0.7253928714874546,0.7228436028942904
3.505,4.300418733877398,0.7247483397288802,0.7227870379580755
3.51,4.306553425366524,0.7239196560392832,0.7221240073009745
3.515,4.31268811685565,0.7229285838286917,0.7204309814114997
3.52,4.318822808344777,0.7218554803033764,0.7197361387076132
3.525,4.324957499833903,0.7205563721354401,0.7194029114038597
3.53,4.3310921913230285,0.7192472193167238,0.7182604997881399
3.535,4.337226882812155,0.7179481111487875,0.715602182958419
3.54,4.343361574301281,0.7164866144598616,0.7146820052553006
3.545,4.349496265790407,0.7149196489377135,0.7141036884724418
3.55,4.355630957279533,0.7132287993892433,0.7125116113233363
3.555,4.361765648768659,0.7115647355761926,0.7091133385526012
3.56,4.367900340257785,0.709771765411426,0.7072896484975241
3.565,4.374035031746911,0.707923549667355,0.7072896484975241
3.57,4.380169723236037,0.705839284629883,0.7054100432197552
3.575,4.3863044147251635,0.7037248856400607,0.7014628302837289
3.58,4.392439106214289,0.7011936336427455,0.6994267795700149
3.585,4.398573797703416,0.698605461957658,0.698342467489935
3.59,4.404708489192542,0.6962784511929306,0.6973621853069923
3.595,4.410843180681669,0.6940987619730189,0.6931980916194765
3.6,4.416977872170794,0.6922605908797306,0.6911168399772389
3.605,4.42311256365992,0.6899151649218985,0.6900989182556677
3.61,4.429247255149046,0.6874458549377443,0.6890256273896416
3.615,4.435381946638173,0.6853364782733158,0.6848128171458282
3.62,4.441516638127299,0.6829023245669007,0.682714322186413
3.625,4.447651329616424,0.6805652691513907,0.6817411310486063
3.63,4.45378602110555,0.6785262050424404,0.6806419433190336
3.635,4.459920712594677,0.6766562258883388,0.6786304182943146
3.64,4.466055404083803,0.6749084566520964,0.6748344610579954
3.645,4.472190095572929,0.6732159329951608,0.6740518711547688
3.65,4.478324787062055,0.6716037665444909,0.6730495266138564
3.655,4.484459478551181,0.6697404838242437,0.6713517295152598
3.66,4.490594170040308,0.6677114643660784,0.668278652313624
3.665,4.496728861529434,0.665727645836435,0.6677863209302458
3.67,4.5028635530185595,0.6638693854415789,0.6669088130630924
3.675,4.508998244507685,0.6622773082924742,0.6656749114198239
3.68,4.515132935996812,0.6609631331483641,0.6635800994990294
3.685,4.521267627485938,0.659747730403622,0.6626974258114734
3.69,4.527402318975064,0.6592170380205871,0.6626974258114734
3.695,4.533537010464189,0.6584000730902356,0.6619106785388948
3.7,4.539671701953316,0.6583046489077984,0.6606963639646534
3.705,4.545806393442442,0.6580116799266276,0.6603083893281598
3.71,4.551941084931569,0.657887795900303,0.6604535664197544
3.715,4.5580757764206945,0.6579396932626814,0.6600906715224383
3.72,4.56421046790982,0.6582242917015326,0.6601701079690471
3.725,4.570345159398947,0.6584720597541818,0.6604450802842318
3.73,4.576479850888073,0.6587231760237567,0.6608724921329661
3.735,4.582614542377199,0.6590027521372166,0.6608679600821962
3.74,4.588749233866325,0.6591735112005283,0.6621360135381268
3.745,4.594883925355451,0.6597544268374762,0.6629733188863131
3.75,4.601018616844577,0.6607789812173439,0.6636643470144856
3.755,4.607153308333703,0.661980991094375,0.6639323319198199
3.76,4.613287999822829,0.6633571082516463,0.6650214231809668
3.765,4.619422691311955,0.6648169308321091,0.6675865758746754
3.77,4.625557382801081,0.6663688293780834,0.6685388725444644
3.775,4.631692074290208,0.6677767545961678,0.669054601586611
3.78,4.637826765779334,0.6694207291076509,0.6706432468133656
3.785,4.64396145726846,0.6711668242354304,0.6742045777484782
3.79,4.650096148757586,0.673159013307391,0.6753743371217465
3.795,4.656230840246712,0.6751461800539604,0.6761843784178074
3.8,4.662365531735838,0.6774849095779358,0.6782785206952167
3.805,4.668500223224965,0.6797935051495634,0.6827472184177269
3.81,4.67463491471409,0.6822611410252523,0.6851066231812305
3.815,4.680769606203216,0.6848694020119048,0.6851066231812305
3.82,4.686904297692342,0.6875848059402427,0.6875423672906849
3.825,4.693038989181469,0.6902449642892738,0.6926434594854083
3.83,4.699173680670595,0.6931110379793558,0.6952980932765087
3.835,4.70530837215972,0.69584150888387,0.6967308590754179
3.84,4.711443063648847,0.698769524587113,0.6980090608174174
3.845,4.717577755137973,0.7016372723856603,0.703554879925558
3.85,4.7237124466271,0.7045853773904709,0.7063667962068357
3.855,4.7298471381162255,0.7075485493714555,0.7077934475238793
3.86,4.735981829605351,0.7105452035217187,0.7091934446425953
3.865,4.742116521094478,0.7135318130211967,0.7148462392815749
3.87,4.748251212583604,0.7165837127507643,0.7176520450669596
3.875,4.75438590407273,0.7195837151179534,0.7190012848114411
3.88,4.7605205955618555,0.7225134049296618,0.7204391008375493
3.885,4.766655287050981,0.7253861750536004,0.7231894936327812
3.89,4.772789978540108,0.7282254630082603,0.7285684041270778
3.895,4.778924670029234,0.730996112515905,0.7297684329757612
3.9,4.7850593615183605,0.7337232352034909,0.7311749910052662
3.905,4.791194053007486,0.7363264738647523,0.7337138601960926
3.91,4.797328744496612,0.7388493553197478,0.7385578093307713
3.915,4.803463435985739,0.7413370804970043,0.7395441103322388
3.92,4.809598127474865,0.7437009216479362,0.7408447251977908
3.925,4.8157328189639905,0.7459860797010702,0.7430277626346296
3.93,4.821867510453117,0.7481188938839923,0.7470556675986125
3.935,4.828002201942243,0.750149587450623,0.7488912438237826
3.94,4.834136893431369,0.7520396559062897,0.7488912438237826
3.945,4.840271584920495,0.75376900994943,0.7505986670460463
3.95,4.846406276409621,0.755362761207,0.7536097185290971
3.955,4.852540967898747,0.7568343025467108,0.7549040554879098
3.96,4.858675659387873,0.7581384330400359,0.7552304269189066
3.965,4.864810350877,0.7592701303615864,0.7562916522460756
3.97,4.870945042366126,0.7602444614875387,0.7578740913135964
3.975,4.877079733855252,0.7610212478147572,0.7585480036757125
3.98,4.883214425344378,0.7616339715125208,0.7585418134603689
3.985,4.889349116833504,0.7620976995570009,0.7589743711996432
3.99,4.895483808322631,0.7623739274535348,0.7596038638838523
3.995,4.9016184998117565,0.7625011596967853,0.759627217696923
4.0,4.907753191300882,0.7624392176836242,0.7592904588215053
4.005,4.913887882790008,0.7622132130410058,0.7590722666850522
4.01,4.920022574279134,0.7617578555388429,0.7586916860276074
4.015,4.926157265768261,0.7611350871902967,0.758719348676986
4.02,4.9322919572573864,0.7603951312492826,0.7580964129175937
4.025,4.938426648746513,0.7594643269433917,0.7563826280831674
4.03,4.944561340235639,0.7584180091534959,0.7553017399534931
4.035,4.950696031724765,0.7572026064087537,0.7540759577362746
4.04,4.9568307232138915,0.7558047258414519,0.7531704763138849
4.045,4.962965414703017,0.7542360862108408,0.7517475638390773
4.05,4.969100106192143,0.7525552813131507,0.7501942303429919
4.055,4.975234797681269,0.7507807263414888,0.7495819809759603
4.06,4.981369489170395,0.7488421087403695,0.7478327050421009
4.065,4.987504180659522,0.746811415173739,0.7440030982256591
4.07,4.993638872148648,0.7446400964961468,0.7419344861023235
4.075,4.999773563637774,0.742349916117624,0.7407135946734026
4.08,5.0059082551269,0.74001620891904,0.7385288034086495
4.085,5.012042946616026,0.7375820552126273,0.7362647710099415
4.09,5.018177638105152,0.7350608478660923,0.7339311435308085
4.095,5.024312329594278,0.7324927654825725,0.7315385236581881
4.1,5.030447021083404,0.7298811562789939,0.7304036455305551
4.105,5.036581712572531,0.7272276943638171,0.7254112866805578
4.11,5.0427164040616566,0.7245240091947271,0.7228708270866907
4.115,5.048851095550783,0.7217767972055761,0.7215767811038728
4.12,5.054985787039909,0.7190228887825707,0.7190354047363231
4.125,5.061120478529035,0.7162957660949848,0.716495303879984
4.13,5.067255170018161,0.7135837103835753,0.7139654071133291
4.135,5.0733898615072865,0.7108733287806286,0.7114557590871416
4.14,5.079524552996412,0.7081964293469583,0.7101494442808673
4.145,5.085659244485539,0.7055597085164207,0.7076731867465882
4.15,5.091793935974666,0.7029949743498293,0.7028638079516878
4.155,5.097928627463792,0.7004938563048618,0.701820467683274
4.16,5.104063318952917,0.6980329168630273,0.6995587471486352
4.165,5.110198010442044,0.6956958614475148,0.6973753908339938
4.17,5.11633270193117,0.6934425114551965,0.6952787692816691
4.175,5.122467393420296,0.6912979785130264,0.6932796446175001
4.18,5.128602084909422,0.6892220840178716,0.692128838543626
4.185,5.134736776398547,0.6873136003691025,0.6902707455596173
4.19,5.140871467887675,0.6855356971805099,0.6869093868805095
4.195,5.147006159376801,0.6838481958489679,0.6854174214175413
4.2,5.153140850865927,0.6823381500145896,0.6849599633078538
4.205,5.1592755423550525,0.6809536623149988,0.6836785528579652
4.21,5.165410233844178,0.6797315631363999,0.682538166116292
4.215,5.171544925333304,0.6786735265872585,0.6815436659693245
4.22,5.177679616822431,0.6777477446067589,0.6806961684893715
4.225,5.183814308311557,0.677041270835021,0.6800588513410801
4.23,5.189948999800683,0.6764218507034031,0.678968253382316
4.235,5.196083691289809,0.676038479865184,0.6786601337195475
4.24,5.202218382778936,0.6758041046802482,0.6788464380757369
4.245,5.208353074268062,0.6757203992570566,0.6787785968232263
4.25,5.2144877657571875,0.6758108011141025,0.6788689189608226
4.255,5.220622457246313,0.676085354902171,0.6791184408413845
4.26,5.226757148735439,0.6765457347297252,0.6795261261120531
4.265,5.232891840224565,0.6771484137767062,0.6795158542608358
4.27,5.239026531713692,0.6778984143685028,0.680158377089255
4.275,5.245161223202818,0.6788091293728287,0.6819004543567199
4.28,5.251295914691944,0.6798989739827832,0.6826802261773657
4.285,5.25743060618107,0.6811512071137323,0.6838367162480719
4.29,5.263565297670196,0.6825725251995253,0.6851292874210525
4.295,5.269699989159323,0.6841110308777886,0.6865542726015773
4.3,5.275834680648448,0.685744960738489,0.6881081641338174
4.305,5.281969372137574,0.6875781095063885,0.6887230322848031
4.31,5.2881040636267,0.6895150529990425,0.6904679555366567
4.315,5.294238755115828,0.6915239831556425,0.6942809886793067
4.32,5.3003734466049535,0.6936986500501628,0.6963378820433955
4.325,5.306508138094079,0.695931910740916,0.6975452729833473
4.33,5.312642829583205,0.6982756625902826,0.6997140406385182
4.335,5.318777521072331,0.7007081421882323,0.7019583823329134
4.34,5.324912212561457,0.7031824744977778,0.7042683331352008
4.345,5.3310469040505835,0.7057287934712694,0.7066312973721762
4.35,5.337181595539709,0.708352121434096,0.7077573106968956
4.355,5.343316287028836,0.7109838199392422,0.7126857186035747
4.36,5.349450978517962,0.713638955962882,0.7151882596407358
4.365,5.355585670007088,0.71631585539655,0.7164568791047662
4.37,5.361720361496214,0.7190362816502792,0.7189575188330293
4.375,5.36785505298534,0.7216930917823844,0.721455926416674
4.38,5.373989744474466,0.7243532501314155,0.7239419774854666
4.385,5.380124435963592,0.7270301495650834,0.7264046707552161
4.39,5.386259127452718,0.7296601739617667,0.7276894971835653
4.395,5.392393818941843,0.7321947741760103,0.7301184611537412
4.4,5.398528510430971,0.734702588654832,0.7348256356269245
4.405,5.404663201920097,0.7371886397236255,0.7358409026907887
4.41,5.410797893409223,0.7395658737422683,0.7380481748406277
4.415,5.4169325848983485,0.7418292683853718,0.7401774016482717
4.42,5.423067276387475,0.7440374174491683,0.742218299304586
4.425,5.429201967876601,0.7461652093066992,0.7441620986699979
4.43,5.435336659365727,0.74813898318556,0.7452855490143786
4.435,5.441471350854853,0.7499922212550223,0.7470875593648488
4.44,5.447606042343979,0.7517617539012953,0.7503356646063782
4.445,5.453740733833106,0.7533956837619957,0.751771965962924
4.45,5.459875425322232,0.7548287206070368,0.7522006891966215
4.455,5.466010116811358,0.7561462439680753,0.7534276512617101
4.46,5.4721448083004836,0.7573365350858609,0.754512473546274
4.465,5.478279499789609,0.7583527189234064,0.7554519672722874
4.47,5.484414191278736,0.7591747061791492,0.756245335245243
4.475,5.490548882767862,0.7598560683239282,0.7568557311350467
4.48,5.496683574256989,0.7603934571408196,0.7578396883846648
4.485,5.502818265746114,0.7607450199182232,0.7580978359097877
4.49,5.50895295723524,0.7609074084392152,0.7578901069512338
4.495,5.515087648724367,0.7609208013069262,0.7579111528862079
4.5,5.521222340213493,0.7607751538705735,0.7577754703811866
4.505,5.527357031702619,0.7604687920216917,0.7574860887752954
4.51,5.533491723191744,0.75996990769947,0.7570430080685342
4.515,5.53962641468087,0.7592952419885454,0.7570283317176678
4.52,5.545761106169996,0.7584899958174419,0.7563513222548937
4.525,5.551895797659124,0.7575424504269117,0.7545612817799396
4.53,5.5580304891482495,0.7564408870577091,0.7537847944006609
4.535,5.564165180637375,0.7551551717574838,0.7526194554709317
4.54,5.570299872126501,0.7537355277801537,0.7513227388865169
4.545,5.576434563615628,0.7522037185357472,0.7499015802396237
4.55,5.582569255104754,0.7505463511565508,0.7483617990501503
4.555,5.5887039465938795,0.7487517068833212,0.7477411313091291
4.56,5.594838638083005,0.7468415491260891,0.7460227426764274
4.565,5.600973329572132,0.7448125296679216,0.7422934149569692
4.57,5.607108021061259,0.7427098494373472,0.7402974591409637
4.575,5.6132427125503845,0.7405201155666529,0.7391454333594943
4.58,5.61937740403951,0.7382550468150866,0.7370564648744329
4.585,5.625512095528636,0.7359213396165024,0.7349058732540124
4.59,5.631646787017762,0.7335139716455118,0.7327048989407755
4.595,5.637781478506888,0.7310630768544598,0.7304630285493507
4.6,5.6439161699960145,0.728585396327986,0.7293759940500308
4.605,5.650050861485141,0.7261010193676579,0.7247498464264969
4.61,5.656185552974267,0.7235865084549795,0.7224224171346526
4.615,5.662320244463393,0.7210920868438688,0.7212770359693956
4.62,5.66845493595252,0.7185708794973337,0.718978564768003
4.625,5.674589627441645,0.7161049177301079,0.7166986681986142
4.63,5.680724318930771,0.7136741122406212,0.7144484272648702
4.635,5.686859010419897,0.711278463028876,0.7122380460564557
4.64,5.692993701909023,0.7089347111795093,0.7110538813784534
4.645,5.699128393398149,0.706656249560232,0.7089060002193552
4.65,5.705263084887276,0.7044481004964355,0.7048118005602043
4.655,5.711397776376402,0.7023270050727589,0.7039897933745995
4.66,5.717532467865528,0.7002929632892023,0.7021216477678627
4.665,5.723667159354654,0.6983694126642569,0.700347650832354
4.67,5.72980185084378,0.6965446344386795,0.6986764122687441
4.675,5.735936542332906,0.6948320214801788,0.6971158243026488
4.68,5.742071233822032,0.6932650559580306,0.6961663696312759
4.685,5.748205925311158,0.691837041438381,0.6947721721025955
4.69,5.754340616800285,0.690556348463547,0.6923713331546122
4.695,5.760475308289411,0.6893911689727203,0.691374652680669
4.7,5.766609999778537,0.6883733110267093,0.6911839796985835
4.705,5.772744691267663,0.6875496496625036,0.6904093457965326
4.71,5.778879382756789,0.6868699616261852,0.6897818740003979
4.715,5.785014074245915,0.686332572809296,0.6893044342104028
4.72,5.7911487657350404,0.6859960770080641,0.6889790194128139
4.725,5.797283457224167,0.6857985322093328,0.6886007386615206
4.73,5.803418148713294,0.6857901616670132,0.6885680935464759
4.735,5.80955284020242,0.6859441796456855,0.6887833001895014
4.74,5.8156875316915455,0.6862522156030327,0.689217699448086
4.745,5.821822223180671,0.6867226400813695,0.689658468290778
4.75,5.827956914669798,0.6873705200568723,0.6902507040897218
4.755,5.834091606158924,0.6881807885533671,0.6909907397501869
4.76,5.84022629764805,0.689150097353928,0.691872516593923
4.765,5.8463609891371755,0.6902667276993045,0.69212264434231
4.77,5.852495680626301,0.6915357019148904,0.6932216128433935
4.775,5.858630372115429,0.6929536717837574,0.6958123793965987
4.78,5.864765063604555,0.6944905033535553,0.6967436939069742
4.785,5.870899755093681,0.6961411742988951,0.6982682486813718
4.79,5.877034446582806,0.6979056846197769,0.6999013813475665
4.795,5.883169138071932,0.699812494160083,0.7016364751911538
4.8,5.889303829561059,0.7018281207505372,0.7034646813531106
4.805,5.895438521050185,0.7039140598964746,0.7042693894179225
4.81,5.9015732125393106,0.7060669633809644,0.7062373039171586
4.815,5.907707904028437,0.7083119428309631,0.7103776252644881
4.82,5.913842595517563,0.7106222125110536,0.7125289383459372
4.825,5.91997728700669,0.7129877277704509,0.713684236610856
4.83,5.926111978495816,0.7153699841144852,0.7158740502010006
4.835,5.932246669984941,0.7178058119293631,0.7180899320515107
4.84,5.938381361474067,0.7202399656357757,0.7203211200365474
4.845,5.944516052963193,0.7226891863183648,0.7225559751163141
4.85,5.950650744452319,0.7251149694824601,0.7236931491641259
4.855,5.9567854359414465,0.7275390785380902,0.7281466962050385
4.86,5.962920127430572,0.729928031315981,0.7303291477039148
4.865,5.969054818919698,0.7322952206838412,0.7313161063908501
4.87,5.975189510408824,0.7345619635438706,0.7334086622511913
4.875,5.981324201897951,0.7367902019092324,0.7354412690846368
4.88,5.9874588933870765,0.7389397571767938,0.7374042011182068
4.885,5.993593584876202,0.7410240222142683,0.7392882906150751
4.89,5.999728276365328,0.7429961219846638,0.7403624145493608
4.895,6.005862967854454,0.7448376412948805,0.7421258366997396
4.9,6.0119976593435815,0.7465854105311228,0.7453383671364125
4.905,6.018132350832707,0.748227710934143,0.7458562964353972
4.91,6.024267042321833,0.7497159933584907,0.747217506055395
4.915,6.030401733810959,0.7510552801295575,0.7484510051154375
4.92,6.036536425300085,0.7522556158981256,0.7495504957789227
4.925,6.042671116789211,0.7533069560134128,0.7505127095483736
4.93,6.048805808278337,0.7542093004754189,0.7511988349303307
4.935,6.054940499767463,0.754935863548722,0.7519523511499021
4.94,6.06107519125659,0.7555084086433527,0.7530021845675721
4.945,6.067209882745716,0.7559101946746741,0.7532959068975515
4.95,6.073344574234842,0.7561445698596099,0.753107896545118
4.955,6.079479265723968,0.7562148824150906,0.7531655337079443
4.96,6.085613957213094,0.7561244805580446,0.7530655655168181
4.965,6.09174864870222,0.7558315115768738,0.7528104632747101
4.97,6.097883340191346,0.7553845246170305,0.7524021402484362
4.975,6.1040180316804715,0.7547684527023386,0.7524094664659517
4.98,6.110152723169599,0.7540100815682224,0.7509770992642959
4.985,6.116287414658725,0.7530692326115488,0.7500421096872449
4.99,6.122422106147851,0.7519475799407809,0.7492784930132751
4.995,6.128556797636977,0.7507120878944711,0.7481448027054574
5.0,6.134691489126103,0.7493476894964479,0.7468809305347138
5.005,6.140826180615229,0.7477957909504737,0.7454932540570973
5.01,6.146960872104355,0.7461283789204947,0.7439879116703084
5.015,6.153095563593481,0.744358846274224,0.7433810832259217
5.02,6.159230255082607,0.7424804965778028,0.7416997760956938
5.025,6.165364946571734,0.740478262855057,0.7380537352723112
5.03,6.17149963806086,0.7383906496006567,0.7369600043391361
5.035,6.177634329549986,0.7362360720077039,0.7349969925861156
5.04,6.183769021039112,0.7340061595338792,0.7329707633087227
5.045,6.1899037125282375,0.73170091217918,0.7308937527412601
5.05,6.196038404017363,0.7293688790890588,0.7287751286205537
5.055,6.20217309550649,0.7270033638296639,0.727746500576759
5.06,6.208307786995616,0.724602692292525,0.7255669787676944
5.065,6.2144424784847425,0.722205368972317,0.7211793916002567
5.07,6.220577169973868,0.7197946527843979,0.7189939267061454
5.075,6.226711861462995,0.7174375080673203,0.7179546481437427
5.08,6.232846552952121,0.715085385675634,0.7158229500331282
5.085,6.238981244441247,0.7127868347547914,0.7137287997837742
5.09,6.2451159359303725,0.7105184177862968,0.7116833581187724
5.095,6.251250627419498,0.7083303580240654,0.709695553616597
5.1,6.257385318908624,0.7062209813596368,0.7085952856884677
5.105,6.263520010397752,0.7042053547691801,0.7048830338753406
5.11,6.269654701886878,0.7022700853849891,0.7031643104209462
5.115,6.275789393376003,0.7004653964609769,0.702532521816558
5.12,6.281924084865129,0.6987711986955784,0.7009862833515812
5.125,6.288058776354255,0.6971690768956887,0.6995553989317076
5.13,6.294193467843382,0.6957126025321542,0.6982448111628781
5.135,6.300328159332508,0.6944134943642204,0.6970629703068624
5.14,6.306462850821633,0.6932817970426675,0.696276777084466
5.145,6.312597542310759,0.6922622649881935,0.6952903086721521
5.15,6.318732233799887,0.6913984250208549,0.6937536445131994
5.155,6.324866925289013,0.6907287816353216,0.6937334077306497
5.16,6.331001616778138,0.690228223204637,0.6932708754779275
5.165,6.337136308267264,0.6898967497287962,0.6929623612038783
5.17,6.34327099975639,0.6897343612078042,0.6928094592975149
5.175,6.349405691245516,0.6897460799670522,0.6928124089171893
5.18,6.355540382734643,0.6899151649218985,0.6925945755182642
5.185,6.361675074223768,0.6902667276993045,0.6928361493695954
5.19,6.367809765712895,0.6907890495400197,0.6937831088221625
5.195,6.373944457202021,0.6914804563355836,0.694485983260703
5.2,6.380079148691147,0.6923375998690655,0.6951496237716017
5.205,6.3862138401802735,0.6933286720796547,0.6960644044679107
5.21,6.392348531669399,0.6944921774620183,0.6971181361667179
5.215,6.398483223158525,0.6957912856299545,0.6983053979453784
5.22,6.404617914647651,0.6972544564273433,0.6996192542116848
5.225,6.410752606136777,0.6988331407087395,0.7001134988618788
5.23,6.416887297625904,0.7005440795587773,0.7032332836896555
5.235,6.42302198911503,0.7023504425912525,0.7049498308030471
5.24,6.429156680604156,0.7042840378669805,0.7059979263366926
5.245,6.435291372093282,0.7063197537590024,0.707830835946238
5.25,6.441426063582408,0.7084224339895767,0.7097399573506132
5.255,6.447560755071534,0.7106088196433427,0.7117144487045288
5.26,6.45369544656066,0.7128571473102722,0.7137453814295108
5.265,6.459830138049786,0.7151607205565059,0.7147080416278854
5.27,6.465964829538912,0.7174877313212333,0.7168228591448228
5.275,6.4720995210280385,0.7198415278213851,0.7211254016022979
5.28,6.478234212517165,0.7222154136230996,0.7222068039224286
5.285,6.484368904006291,0.7245976699671338,0.7243485466838261
5.29,6.490503595495417,0.7269598370096028,0.7264776937720194
5.295,6.496638286984543,0.7292801513404759,0.7285830047444659
5.3,6.5027729784736685,0.7315720058274641,0.7306525216835664
5.305,6.508907669962794,0.7338019183012913,0.731764026068266
5.31,6.515042361451921,0.7359782593042746,0.7337783133719501
5.315,6.521177052941048,0.7380876359687032,0.7376023119250382
5.32,6.527311744430174,0.7401099589930142,0.7393925198108386
5.325,6.533446435919299,0.7420284872925683,0.7400762376653857
5.33,6.539581127408426,0.7438348503250434,0.7417049060423435
5.335,6.545715818897552,0.7455206775481248,0.743226670635968
5.34,6.551850510386678,0.7470625314433139,0.7446326825872361
5.345,6.557985201875804,0.7484955682883548,0.7459156077066872
5.35,6.564119893364929,0.7497796094801148,0.7467473805249977
5.355,6.570254584854057,0.7508945657170284,0.7488006745558893
5.36,6.576389276343183,0.75184713343295,0.7496119475174631
5.365,6.582523967832309,0.7526507054955904,0.7496931935956018
5.37,6.5886586593214345,0.7532918890372389,0.7502732323185949
5.375,6.59479335081056,0.7537505947563277,0.7506996516601684
5.38,6.600928042299686,0.7540435637374985,0.7509704586340561
5.385,6.607062733788813,0.7541724700892144,0.7510846966068501
5.39,6.613197425277939,0.7541239209437642,0.7513628975597862
5.395,6.6193321167670645,0.7539012645180742,0.7512413572853119
5.4,6.625466808256191,0.7535061749206093,0.7505280196688726
5.405,6.631601499745318,0.7529336298259787,0.7499877569657859
5.41,6.637736191234444,0.7522037185357472,0.749334615506539
5.415,6.6438708827235695,0.751318115158378,0.7485375007194024
5.42,6.650005574212695,0.7502684491515562,0.7476010363325142
5.425,6.656140265701821,0.7490647651660597,0.7465305635490689
5.43,6.662274957190947,0.7477154337442103,0.7461695619887059
5.435,6.668409648680074,0.7462338477537169,0.7448975743778854
5.44,6.6745443401692,0.7446317259538272,0.7420100720994655
5.445,6.680679031658326,0.7429140906699351,0.7404123029815829
5.45,6.686813723147452,0.741094334769749,0.7394283576898825
5.455,6.692948414636578,0.7391825029040516,0.73771805659545
5.46,6.699083106125705,0.7371785950728429,0.7359341744480596
5.465,6.70521779761483,0.7351077229030794,0.7340873936540994
5.47,6.711352489103956,0.7329849533709398,0.7321891140950137
5.475,6.717487180593082,0.7308119605848848,0.7312851473421865
5.48,6.72362187208221,0.7286038115210882,0.7273134924225882
5.485,6.7297565635713354,0.726387291914972,0.7253066549015681
5.49,6.735891255060461,0.7241590535496102,0.7243184127314771
5.495,6.742025946549587,0.7219458821604223,0.7223424067079991
5.5,6.748160638038713,0.7197494518558737,0.7203867291444391
5.505,6.754295329527839,0.7175898519375272,0.7184631785194946
5.51,6.760430021016965,0.715472104730779,0.7165841113480176
5.515,6.766564712506091,0.7134213218625832,0.7155543871617762
5.52,6.772699403995217,0.711454244417579,0.7137431692147551
5.525,6.778834095484344,0.7095608277449839,0.710349332831449
5.53,6.78496878697347,0.7077862727733195,0.7097315070888437
5.535,6.791103478462596,0.7060970973333123,0.7082366876695418
5.54,6.797238169951722,0.7045535693296577,0.7068474168029122
5.545,6.803372861440848,0.7031355994607906,0.7055734202619349
5.55,6.809507552929974,0.7018448618351765,0.704422032236071
5.555,6.8156422444191,0.7006997716459127,0.7036556612550808
5.56,6.821776935908226,0.6997220923030346,0.7026911236636433
5.565,6.827911627397353,0.6988833639626549,0.7011895320770081
5.57,6.834046318886479,0.6982137205771216,0.7006606812132831
5.575,6.840181010375605,0.6977064657125803,0.7007263182229829
5.58,6.8463157018647305,0.6973749922367395,0.700430559061039
5.585,6.852450393353857,0.6972126037157474,0.7002882598416132
5.59,6.858585084842983,0.6972126037157474,0.7003010149537185
5.595,6.864719776332109,0.6974051261890898,0.7004673894472433
5.6,6.870854467821235,0.6977667336172784,0.7003339789465659
5.605,6.876989159310362,0.6982991001087763,0.7012837843835218
5.61,6.883123850799488,0.6990038997720511,0.7019809668532851
5.615,6.889258542288614,0.6998576950886046,0.7026336857994436
5.62,6.89539323377774,0.7008772271430811,0.7035329212028741
5.625,6.9015279252668655,0.7020390584169793,0.70456473005275
5.63,6.907662616755991,0.7033498853441611,0.7057224159152162
5.635,6.913797308245118,0.7047979891653785,0.7069988837591639
5.64,6.919931999734244,0.7063649546875266,0.7074881977613348
5.645,6.92606669122337,0.7080474336936772,0.7089443373031771
5.65,6.932201382712496,0.7098320333161241,0.7121387036630176
5.655,6.938336074201622,0.7117087089040823,0.7131154383304059
5.66,6.944470765690749,0.7136657416983039,0.714846625920911
5.665,6.950605457179875,0.7156880647226125,0.71663640730765
5.67,6.956740148669001,0.7177673074346956,0.7184735420480803
5.675,6.962874840158126,0.7198817064245155,0.7203462316635045
5.68,6.969009531647252,0.7220178688243685,0.7212615903258308
5.685,6.975144223136378,0.7241808169596409,0.7231869824700856
5.69,6.981278914625506,0.7263353945525935,0.7270389386345196
5.695,6.9874136061146315,0.7284732310609094,0.7289402236168951
5.7,6.993548297603757,0.7305859559422664,0.7298096479317518
5.705,6.999682989092883,0.7326501316781732,0.7316352233518367
5.71,7.00581768058201,0.7346540395093819,0.7334100174818521
5.715,7.011952372071136,0.7365893088935729,0.7351221521236495
5.72,7.0180870635602615,0.7384375246376438,0.7367604665541372
5.725,7.024221755049387,0.7402037090669885,0.7377101245101092
5.73,7.030356446538514,0.7418577282292566,0.740659652507114
5.735,7.036491138027641,0.7433962339075199,0.7419731580078377
5.74,7.0426258295167665,0.7448058332340672,0.7423654614105017
5.745,7.048760521005892,0.7460731333411879,0.7434830483892865
5.75,7.054895212495018,0.747198134228884,0.7444706129440468
5.755,7.061029903984144,0.7481691171379079,0.7453214586409274
5.76,7.06716459547327,0.7489793856344026,0.7460303239961847
5.765,7.0732992869623965,0.7496205691760511,0.7465991382205248
5.77,7.079433978451522,0.7500926677628532,0.7470927491010863
5.775,7.085568669940649,0.750387310852487,0.747617079871959
5.78,7.091703361429775,0.750502824336492,0.7473683352560411
5.785,7.097838052918902,0.7504509269741135,0.7473173148076194
5.79,7.103972744408027,0.7502115294637841,0.7471107617109627
5.795,7.110107435897153,0.7498047211070737,0.7467501109161825
5.8,7.116242127386279,0.7492120867108754,0.7462387106402069
5.805,7.122376818875405,0.748453715576759,0.7461907394607731
5.81,7.128511510364531,0.7475363041385791,0.7454497790546804
5.815,7.134646201853658,0.7464615265047984,0.7435467362584178
5.82,7.140780893342784,0.7452461237600562,0.7423992186118833
5.825,7.14691558483191,0.7438817253620306,0.741570499048533
5.83,7.153050276321036,0.7423934429376828,0.7402604693158581
5.835,7.159184967810162,0.7407862988124042,0.7388449707499617
5.84,7.165319659299288,0.7390586188777271,0.7373325333320642
5.845,7.171454350788414,0.7372321665436843,0.7357334408713007
5.85,7.17758904227754,0.7353337275456978,0.735029876859512
5.855,7.183723733766667,0.7333499090160543,0.7315186854728913
5.86,7.189858425255793,0.7313058225817152,0.7296901405032693
5.865,7.195993116744919,0.7292332763034887,0.7287174117382765
5.87,7.202127808234045,0.7271423148321624,0.7268692757136552
5.875,7.208262499723171,0.7249961077815269,0.7250087831741817
5.88,7.214397191212297,0.7228766864663133,0.7231497255848203
5.885,7.220531882701422,0.7207773544526673,0.7213039811437184
5.89,7.226666574190549,0.7186897411982669,0.7203298652602842
5.895,7.232801265679675,0.7166305877877515,0.718506007794361
5.9,7.238935957168802,0.714671880885067,0.7150118923140713
5.905,7.2450706486579275,0.7127700936701521,0.7143179265241419
5.91,7.251205340147053,0.7109654047461399,0.7127338213201023
5.915,7.25734003163618,0.7092628364384217,0.7112386830229978
5.92,7.263474723125306,0.7076506699877494,0.7098424765641609
5.925,7.269609414614432,0.7061757804311126,0.7085546885582196
5.93,7.2757441061035575,0.7048415159854372,0.7077326175970542
5.935,7.281878797592683,0.7036328096745493,0.7066119693913643
5.94,7.288013489081811,0.7025814695592623,0.7047734634763823
5.945,7.294148180570937,0.7017008885072867,0.7040710912703811
5.95,7.3002828720600625,0.7009826959763009,0.7040499018403961
5.955,7.306417563549188,0.700438610725555,0.7035812311899733
5.96,7.312552255038314,0.7000836997312232,0.7032661002015194
5.965,7.318686946527441,0.6999079183425202,0.703108255689215
5.97,7.324821638016567,0.6999129406679114,0.7031067410196525
5.975,7.3309563295056925,0.7000987667073971,0.7028795445712477
5.98,7.337091020994819,0.700463722352514,0.7035157057875043
5.985,7.343225712483945,0.7009877183016922,0.7040679104642998
5.99,7.349360403973072,0.701709259049604,0.704666133193988
5.995,7.355495095462198,0.7025831436677252,0.705431121042509
6.0,7.361629786951323,0.7036261132406951,0.7063356976491337
6.005,7.367764478440449,0.7048297972261892,0.7073736448967105
6.01,7.373899169929575,0.7061523429126191,0.7085371502790748
6.015,7.380033861418702,0.7076506699877494,0.7089598228064672
6.02,7.386168552907828,0.7092310283776085,0.7103119165072822
6.025,7.392303244396954,0.7109754493969226,0.713313007044973
6.03,7.39843793588608,0.7127650713447607,0.7142492880771246
6.035,7.404572627375206,0.7146769032104582,0.7158875227881615
6.04,7.410707318864333,0.7166305877877515,0.7175864240011498
6.045,7.4168420103534585,0.7186462143782082,0.7193310044593655
6.05,7.422976701842584,0.720696997246404,0.721108588770154
6.055,7.42911139333171,0.7227795881754107,0.7219827125466269
6.06,7.435246084820836,0.7248722237552023,0.7238085789427069
6.065,7.4413807763099635,0.7269497923588201,0.7274411431929557
6.07,7.447515467799089,0.7290089457693356,0.7292197997303554
6.075,7.453650159288215,0.7310245723597899,0.7300012137716848
6.08,7.459784850777341,0.7329749087201572,0.7316822578277254
6.085,7.465919542266467,0.7348666512842894,0.7333004032371964
6.09,7.4720542337555935,0.7366646437744448,0.7348418585351336
6.095,7.478188925244719,0.7383454486721349,0.7362951441206423
6.1,7.484323616733845,0.739912414194283,0.7371775906077641
6.105,7.490458308222972,0.741347125147787,0.7396964542024478
6.11,7.496592999712098,0.7426462333157232,0.7407698088440344
6.115,7.502727691201224,0.7438080645896215,0.7410047301072081
6.12,7.50886238269035,0.7448041591256043,0.7418593226182698
6.125,7.514997074179476,0.745629494598273,0.7425693040458364
6.13,7.521131765668602,0.7462773745737756,0.7431284562727568
6.135,7.527266457157728,0.7467461249436496,0.7435333513626525
6.14,7.5334011486468535,0.74704746446714,0.7439666863665706
6.145,7.53953584013598,0.747149585083434,0.7441355202051482
6.15,7.545670531625107,0.7470625314433139,0.7439870267844061
6.155,7.551805223114233,0.7467913258721737,0.7435606154147776
6.16,7.557939914603359,0.7463393165869392,0.7431705481427043
6.165,7.564074606092485,0.745703155370682,0.7426271006475637
6.17,7.570209297581611,0.7448962350911131,0.7419332225490302
6.175,7.576343989070737,0.7439185557482351,0.7410957697198602
6.18,7.582478680559863,0.742766769125117,0.7408690834759397
6.185,7.588613372048989,0.7414777056079658,0.7398139766166087
6.19,7.594748063538116,0.7400413205459965,0.7373363797955588
6.195,7.600882755027242,0.7384843996746334,0.7359348161896374
6.2,7.607017446516368,0.7368035947769433,0.7350410774423298
6.205,7.613152138005494,0.7350323880222074,0.733528241427179
6.21,7.619286829494619,0.7331557124342515,0.7319431795897314
6.215,7.625421520983745,0.731233835917769,0.730299205078247
6.22,7.631556212472872,0.729236624520417,0.7286110659910977
6.225,7.637690903961998,0.7272176497130344,0.727796807536097
6.23,7.6438255954511245,0.7251752373871583,0.7242771619017339
6.235,7.64996028694025,0.7231344991697449,0.7225203524797872
6.24,7.656094978429377,0.7211071538200426,0.7217021000803084
6.245,7.662229669918503,0.7191183129650078,0.7200106127762316
6.25,7.668364361407629,0.7171663024961776,0.7183626522922143
6.255,7.6744990528967545,0.7152929751251477,0.7167724884099245
6.26,7.68063374438588,0.7135050272857748,0.7152530356803692
6.265,7.686768435875006,0.7118158518457676,0.7143579018426751
6.27,7.692903127364133,0.7102522345405479,0.7129474654618955
6.275,7.6990378188532596,0.7087974342854763,0.710450114160972
6.28,7.705172510342385,0.7074949779006141,0.7101353658258812
6.285,7.711307201831511,0.706341517169033,0.7091497145379366
6.29,7.717441893320637,0.7053370520907329,0.708299586316112
6.295,7.723576584809764,0.7045200871603815,0.7075918370331638
6.3,7.7297112762988895,0.7038772295102701,0.7070315687339344
6.305,7.735845967788015,0.7034101532488592,0.7065248320458222
6.31,7.741980659277141,0.7031238807015451,0.7061908474072874
6.315,7.748115350766269,0.7030251083021771,0.7059980738176769
6.32,7.754250042255395,0.7031171842676884,0.7061386989286389
6.325,7.76038473374452,0.703390063947294,0.7065476716684357
6.33,7.766519425233646,0.7038403991240656,0.706911989557946
6.335,7.772654116722772,0.7044765603403228,0.70742195488381
6.34,7.778788808211898,0.7052818065114262,0.7080719075650306
6.345,7.784923499701025,0.7062444188781304,0.7088544336926965
6.35,7.79105819119015,0.7073526786811872,0.7090711510193123
6.355,7.797192882679277,0.7086132823544536,0.7111452039951555
6.36,7.803327574168403,0.7099860512947964,0.7123334861827845
6.365,7.809462265657529,0.7114793560445355,0.7131010091098366
6.37,7.8155969571466555,0.7130647367597859,0.7143814629263171
6.375,7.821731648635781,0.7147271264643736,0.7157216266113411
6.38,7.827866340124907,0.7164481099651941,0.7171049185191712
6.385,7.834001031614033,0.7182042497437563,0.7185136409317616
6.39,7.840135723103159,0.7199905234746662,0.7192154949613336
6.395,7.846270414592285,0.7217701007717193,0.7206604179764682
6.4,7.852405106081412,0.7235262405502814,0.723464968180505
6.405,7.858539797570538,0.7252422017257106,0.7240138844299608
6.41,7.864674489059664,0.726889524454122,0.7252565512268291
6.415,7.87080918054879,0.7284514676508789,0.7264062651442293
6.42,7.876943872037916,0.7299146384482701,0.7274418208082862
6.425,7.883078563527042,0.731260621653191,0.7283429694785328
6.43,7.889213255016168,0.7324391940117311,0.7290237616292407
6.435,7.895347946505294,0.7334235697884633,0.729722701912891
6.44,7.9014826379944205,0.7341802668141167,0.7305526411838363
6.445,7.907617329483547,0.7347076109802233,0.7306461401415414
6.45,7.913752020972673,0.734980490659829,0.7301703784459826
6.455,7.919886712461799,0.734992209419077,0.7298743004062361
6.46,7.926021403950925,0.7347092850886887,0.7293207285408618
6.465,7.9321560954400505,0.7341300435602013,0.7284963497015999
6.47,7.938290786929177,0.7332260249897322,0.7273894451292034
6.475,7.944425478418303,0.7319888588349595,0.7272631854632501
6.48,7.95056016990743,0.7304269156382027,0.7238784729710719
6.485,7.956694861396556,0.7285284766402162,0.7217181197039182
6.49,7.962829552885681,0.7262650819971128,0.7199537728079116
6.495,7.968964244374808,0.7236400799258209,0.7173209582304564
6.5,7.975098935863934,0.7206551445348082,0.7143789916233467
6.505,7.98123362735306,0.7173086017156044,0.7111322575563686
6.51,7.987368318842186,0.7136171925528514,0.7075876916217294
6.515,7.993503010331311,0.7095775688296208,0.7062316119483814
6.52,7.999637701820437,0.7052064716305517,0.7022359335723272
6.525,8.005772393309565,0.7005072491725728,0.6934393306491149
6.53,8.01190708479869,0.6954983166487837,0.6906620564551209
6.535,8.018041776287816,0.690216504445389,0.6858249193475009
6.54,8.024176467776943,0.6846668348877823,0.6807868095047704
6.545,8.030311159266068,0.6788911606875573,0.6755725196760841
6.55,8.036445850755195,0.6729263122309184,0.670209871949722
6.555,8.04258054224432,0.6667990752532873,0.6676876083204678
6.56,8.048715233733446,0.6605563247916538,0.6620986809193832
6.565,8.054849925222573,0.6542164760391177,0.6507243694889836
6.57,8.0609846167117,0.6478314263580573,0.6450089631934566
6.575,8.067119308200825,0.6414513990023883,0.6422340048495043
6.58,8.073253999689951,0.6351165725752411,0.636637300816008
6.585,8.079388691179078,0.6288470363781856,0.6311182435274534
6.59,8.085523382668203,0.6227281699428743,0.6257093585197091
6.595,8.09165807415733,0.6167649955947007,0.6204434104869959
6.6,8.097792765646455,0.6110244776722171,0.6175210229769679
6.605,8.103927457135583,0.6055300536939149,0.6076526558152096
6.61,8.110062148624708,0.6002867459851902,0.6030815863601358
6.615,8.116196840113835,0.5954217867892884,0.6014265746907077
6.62,8.12233153160296,0.5908983457200124,0.5973167978508981
6.625,8.128466223092087,0.5867348379704572,0.5935105926791968
6.63,8.134600914581211,0.5829764644691517,0.5900245408213413
6.635,8.140735606070338,0.5795981135891373,0.5868711582310844
6.64,8.146870297559465,0.576629919282759,0.5847723643237294
6.645,8.15300498904859,0.5740819262008044,0.58212693812918
6.65,8.159139680537717,0.572004357597189,0.5778983912658064
6.655,8.165274372026843,0.5703536866518493,0.5777011095412613
6.66,8.17140906351597,0.5691349356901788,0.5762637678458843
6.665,8.177543755005095,0.568326341302147,0.5751531164593068
6.67,8.183678446494222,0.567911162403117,0.5743527331746933
6.675,8.189813137983347,0.567901117752332,0.5738414126181682
6.68,8.195947829472473,0.5682443099874183,0.5731967413505537
6.685,8.202082520961598,0.5688955381798494,0.5731287725469221
6.69,8.208217212450727,0.5698196460518861,0.573666747301775
6.695,8.214351903939852,0.5709580398072932,0.5742085725060947
6.7,8.220486595428978,0.5722604961921554,0.5747451123108357
6.705,8.226621286918103,0.5737554750503574,0.575396978258872
6.71,8.23275597840723,0.5753458780909991,0.5761191567623896
6.715,8.238890669896357,0.5769630668670627,0.5768730636072691
6.72,8.245025361385482,0.5786137378124024,0.5776198754210401
6.725,8.251160052874608,0.5801606140329854,0.5781053110719363
6.73,8.257294744363735,0.5816170883965199,0.579461171516795
6.735,8.263429435852862,0.5829362858660213,0.5799322656385176
6.74,8.269564127341987,0.5840512421029325,0.5797198451902924
6.745,8.275698818831113,0.5849184302871995,0.5798309741045106
6.75,8.281833510320238,0.5854759084056562,0.5797099599784107
6.755,8.287968201809365,0.5856935425059526,0.5793273863346993
6.76,8.29410289329849,0.585519435225715,0.5786507276375081
6.765,8.300237584787617,0.5849669794326495,0.5788159701148337
6.77,8.306372276276743,0.5840093893913367,0.577692894451871
6.775,8.31250696776587,0.582581374871687,0.574372467724704
6.78,8.318641659254995,0.5806812617652376,0.572608312155379
6.785,8.324776350744122,0.5783174206143032,0.5702040532429623
6.79,8.330911042233248,0.5754714362257866,0.5674315701879529
6.795,8.337045733722373,0.5721533532504701,0.5642968419491502
6.8,8.3431804252115,0.5684167431591929,0.5608065649604097
6.805,8.349315116700625,0.5642264496742182,0.5595730977881473
6.81,8.355449808189752,0.5595456424093416,0.5555410075530047
6.815,8.361584499678878,0.5545015536078108,0.5465571555981125
6.82,8.367719191168005,0.5490590269918896,0.5416615602173246
6.825,8.37385388265713,0.543306790310158,0.538734082620372
6.83,8.379988574146257,0.5373252007688797,0.5335853221801272
6.835,8.386123265635382,0.5311276512357704,0.528269868368555
6.84,8.392257957124508,0.5247141417108228,0.522791786877639
6.845,8.398392648613635,0.5182219490880773,0.5172237021269295
6.85,8.40452734010276,0.5116226135236465,0.5144772195707524
6.855,8.410662031591887,0.5050517378031005,0.5031845209279646
6.86,8.416796723081013,0.49857293804806596,0.4976630600979727
6.865,8.42293141457014,0.4922364375124557,0.4952511879780181
6.87,8.429066106059265,0.48609748177557915,0.4900214325759038
6.875,8.435200797548392,0.480184530681321,0.48494426020235054
6.88,8.441335489037517,0.47445740562654604,0.4800945274215266
6.885,8.447470180526643,0.4690567317222205,0.4755212616955872
6.89,8.45360487201577,0.46327770930506706,0.47274094221857804
6.895,8.459739563504895,0.45854165646088363,0.4685812849184915
6.9,8.465874254994022,0.4547447784649083,0.4613391754093715
6.905,8.472008946483149,0.45204444151274675,0.4604909564683901
6.91,8.478143637972273,0.44911642580950134,0.4576264771673207
6.915,8.4842783294614,0.44701374557892704,0.4551578846582225
6.92,8.490413020950527,0.4446766901634146,0.4530827076381251
6.925,8.496547712439652,0.4424384071472702,0.4513998300347194
6.93,8.502682403928778,0.4414624019128551,0.4499605950023892
6.935,8.508817095417903,0.4412866205241521,0.44886413766400174
6.94,8.514951786907032,0.4415209957090902,0.4477268320790966
6.945,8.521086478396157,0.442155482816882,0.4476511623765312
6.95,8.527221169885284,0.44284688961244595,0.44816146651006034
6.955,8.533355861374408,0.44352657764876185,0.44837870201310526
6.96,8.539490552863535,0.44489767248064177,0.4487399108440401
6.965,8.545625244352662,0.44673249535700177,0.4492289099543808
6.97,8.551759935841787,0.4486577200904101,0.4497873447062452
6.975,8.557894627330914,0.45075705210405853,0.4500428774333868
6.98,8.56402931882004,0.4525282588587945,0.45155124915930045
6.985,8.570164010309165,0.45394455461919614,0.452201724002923
6.99,8.576298701798292,0.45564377470998846,0.4521771743980927
6.995,8.582433393287419,0.4570282624095769,0.45249382005610916
7.0,8.588568084776544,0.4583675491806436,0.4525860554605214
7.005,8.59470277626567,0.4593067240288542,0.4524294067399769
7.01,8.600837467754795,0.4596298269623753,0.4520181340940284
7.015,8.606972159243922,0.45938540712665454,0.45237415717469787
7.02,8.613106850733049,0.45874087536808017,0.4515025326030031
7.025,8.619241542222175,0.4577179950966779,0.44859150910066636
7.03,8.6253762337113,0.4563502484817239,0.44678742205850647
7.035,8.631510925200427,0.45429611739660214,0.44446447698576175
7.04,8.637645616689554,0.4516861823014865,0.4417620673278815
7.045,8.643780308178679,0.4481705545274365,0.4386567555663719
7.05,8.649914999667805,0.4440924263095383,0.4351717400613749
7.055,8.65604969115693,0.43955726648101195,0.43401194960541145
7.06,8.662184382646057,0.4348898520838462,0.42992143298488117
7.065,8.668319074135184,0.42930000392310674,0.4207721791137623
7.07,8.67445376562431,0.423755356690889,0.415807443053418
7.075,8.680588457113435,0.41743894545684646,0.4128840949240095
7.08,8.686723148602562,0.41070568121530854,0.40776068526907416
7.085,8.692857840091687,0.40374641233115455,0.4025432863818123
7.09,8.698992531580814,0.39719395180371087,0.3972773383490992
7.095,8.70512722306994,0.3904322277182856,0.39202302935618216
7.1,8.711261914559065,0.3838429368046399,0.3892156530976194
7.105,8.717396606048192,0.3774963916182471,0.3791209464715507
7.11,8.723531297537319,0.3710761856594452,0.3744367072843219
7.115,8.729665989026445,0.3649539710072079,0.37299479367844957
7.12,8.73580068051557,0.3594461541611947,0.36913995964184665
7.125,8.741935372004697,0.3544171323358404,0.36628472779705357
7.13,8.748070063493822,0.3501263923430347,0.3633268172998121
7.135,8.754204754982949,0.34678487184922474,0.36069352440565294
7.14,8.760339446472074,0.34371120870962657,0.35854088000937784
7.145,8.7664741379612,0.3413456934502293,0.3570016209823062
7.15,8.772608829450327,0.3409723672627951,0.35603557669325114
7.155,8.778743520939454,0.34078319300638116,0.35807816838789186
7.16,8.784878212428579,0.34120506833926784,0.3597022130367114
7.165,8.791012903917705,0.3441565215610044,0.3618556745573558
7.17,8.797147595406832,0.3483484891544445,0.3639825895009306
7.175,8.803282286895957,0.36379548795023553,0.3660472435535412
7.18,8.809416978385084,0.3553228250147748,0.36662874911442617
7.185,8.815551669874209,0.3554065304379665,0.3696409724734015
7.19,8.821686361363337,0.36640877126227706,0.37756143073206666
7.195,8.827821052852462,0.37148466812462094,0.38253738331911846
7.2,8.833955744341589,0.3834696106172033,0.38571124185027683
7.205,8.840090435830714,0.3989300022807053,0.39104168291857294
7.21,8.84622512731984,0.4116013292434603,0.3961832686082585
7.215,8.852359818808965,0.41629887759297635,0.40096005809172963
7.22,8.858494510298092,0.40961918482227977,0.4054612574342736
7.225,8.864629201787219,0.40280388926601557,0.408316895848265
7.23,8.870763893276346,0.4103708595225418,0.4140918166996813
7.235,8.87689858476547,0.41981450536702636,0.4164552393234979
7.24,8.883033276254597,0.42909074036512757,0.4151605635570199
7.245,8.889167967743724,0.4408647451912654,0.41632861294807166
7.25,8.895302659232849,0.449188412473445,0.4171473317063367
7.255,8.901437350721976,0.45291162969701126,0.4173152208694241
7.26,8.9075720422111,0.44875649248977817,0.41653038287768884
7.265,8.913706733700227,0.4415176474921619,0.41677683555940026
7.27,8.919841425189354,0.4386817077544278,0.4144108180674646
7.275,8.92597611667848,0.42397131668272486,0.4075831341085667
7.28,8.932110808167605,0.41064541331061044,0.4023789845940043
7.285,8.938245499656732,0.4026749829142997,0.3959810203619371
7.29,8.944380191145857,0.389267048227459,0.38868860389347903
7.295,8.950514882634984,0.390937808474364,0.3809993439996417
7.3,8.95664957412411,0.388677762048189,0.37284276868604305
7.305,8.962784265613235,0.38699528304203595,0.369025486496673
7.31,8.968918957102362,0.3824484044542664,0.36009512230720025
7.315,8.975053648591489,0.3689785277542622,0.34272825592508577
7.32,8.981188340080616,0.35055663821824107,0.33330118375439377
7.325,8.98732303156974,0.3253127566920966,0.3284458905418864
7.33,8.993457723058867,0.2982959943027556,0.319161444440368
7.335,8.999592414547992,0.2760136106491327,0.31112532521671454
7.34,9.005727106037119,0.26667375952940503,0.3039220350940929
7.345,9.011861797526246,0.267616282594544,0.29817561793225955
7.35,9.01799648901537,0.26957666360569393,0.29353750840515436
7.355,9.024131180504497,0.27430434590755776,0.28444961060923496
7.36,9.030265871993624,0.2770666248728828,0.28121238707272045
7.365,9.036400563482749,0.265870187466767,0.28351281937259915
7.37,9.042535254971876,0.2501402643405877,0.28234285671473164
7.375,9.048669946461002,0.23134002629173872,0.28267935251596205
7.38,9.054804637950127,0.2289979485508374,0.28475755887518456
7.385,9.060939329439254,0.24188690961388884,0.2886748132416532
7.39,9.067074020928379,0.2514058903392454,0.28930787337127933
7.395,9.073208712417506,0.26859228782895916,0.2956933415794557
7.4,9.079343403906632,0.28891429047143213,0.3104011377830405
7.405,9.085478095395759,0.3050007987004062,0.31627583948487387
7.41,9.091612786884884,0.3177039337239745,0.3243340409963598
7.415,9.09774747837401,0.3295214653701735,0.33264128607170357
7.42,9.103882169863137,0.3444093119390448,0.3416826675681635
7.425,9.110016861352262,0.3576230500440803,0.351456272218924
7.43,9.116151552841389,0.3689550902357686,0.3574620845152833
7.435,9.122286244330514,0.38055833599859723,0.3685570709484923
7.44,9.12842093581964,0.3943831236929333,0.3876212321966642
7.445,9.134555627308767,0.40903826918533187,0.3950800550464273
7.45,9.140690318797894,0.4223106010866025,0.39540871442565806
7.455,9.146825010287019,0.4337698735215413,0.3999985617973345
7.46,9.152959701776146,0.44352657764876185,0.4029820622382375
7.465,9.15909439326527,0.45151877145510316,0.40443718137111134
7.47,9.165229084754397,0.4557391988924257,0.40428396058694527
7.475,9.171363776243524,0.4553859620065568,0.40727769301934025
7.48,9.17749846773265,0.45089767721501994,0.39966167138482317
7.485,9.183633159221776,0.4428268003108783,0.39272508667035283
7.49,9.189767850710902,0.43174922460569326,0.38397511165383075
7.495,9.19590254220003,0.4177687448242218,0.37362665004437023
7.5,9.202037233689154,0.40198190201027284,0.3611886619136937
7.505,9.20817192517828,0.38530108527663737,0.34692462004622826
7.51,9.214306616667406,0.36765430795936943,0.33117293351002025
7.515,9.220441308156532,0.3482614355143245,0.32555525130308316
7.52,9.226575999645657,0.3263038289026856,0.30741578386490953
7.525,9.232710691134786,0.3012424251991008,0.2694195485263623
7.53,9.23884538262391,0.27301528239040657,0.2599239136421313
7.535,9.244980074113037,0.24182664170919074,0.2418804523383861
7.54,9.251114765602162,0.20897561132338954,0.22457949799807636
7.545,9.257249457091289,0.1770654298942619,0.20876108628166704
7.55,9.263384148580416,0.14784051844112434,0.19498931202201925
7.555,9.26951884006954,0.12276572186982858,0.18463968252260654
7.56,9.275653531558667,0.1029844562611731,0.17316827280130448
7.565,9.281788223047794,0.08872942269163064,0.1580567653416664
7.57,9.28792291453692,0.07879358895878115,0.15472637766913955
7.575,9.294057606026046,0.07240686516925546,0.1613637274536173
7.58,9.300192297515173,0.07001121595751032,0.16267096700551917
7.585,9.306326989004297,0.07198498983637121,0.16698602143077493
7.59,9.312461680493424,0.07950675916437329,0.17434731550460225
7.595,9.318596371982549,0.09956257856109733,0.18474336962610602
7.6,9.324731063471676,0.12856148537161888,0.18512726661269824
7.605,9.330865754960803,0.15587289085059608,0.2186192294238786
7.61,9.33700044644993,0.18906376525455526,0.2387729004603132
7.615,9.343135137939054,0.22462182902637712,0.2522537864164523
7.62,9.34926982942818,0.2596960754521488,0.2733679612401213
7.625,9.355404520917308,0.2941107231431722,0.29527064115025564
7.63,9.361539212406432,0.32869445578903944,0.3176545873840169
7.635,9.36767390389556,0.3636314253207781,0.34016098269398987
7.64,9.373808595384684,0.396413817259564,0.3535697823368708
7.645,9.37994328687381,0.4272927478749697,0.3765677636533583
7.65,9.386077978362938,0.45668507017449056,0.41790736100502723
7.655,9.392212669852064,0.4837604263600691,0.42207168189297745
7.66,9.39834736134119,0.5060578769898659,0.43769207049395054
7.665,9.404482052830316,0.5218715055392344,0.45057098690622055
7.67,9.41061674431944,0.5321270939886791,0.4605248372349204
7.675,9.416751435808568,0.5387498670716034,0.4675352860063985
7.68,9.422886127297694,0.5424697360782413,0.47620651414955983
7.685,9.42902081878682,0.5426455174669419,0.47872186211646933
7.69,9.435155510275946,0.539466385494124,0.4743817359239813
7.695,9.441290201765073,0.5329273178343913,0.4676567585193395
7.7,9.4474248932542,0.5219886931317023,0.4579658428687749
7.705,9.453559584743324,0.5053580996519823,0.447524986416001
7.71,9.459694276232451,0.4839010514710306,0.4346916695295078
7.715,9.465828967721576,0.45952100991222466,0.4198491833280624
7.72,9.471963659210703,0.43365268592907347,0.40345830623647283
7.725,9.47809835069983,0.4069154996531899,0.39702486684886257
7.73,9.484233042188956,0.37900141512723173,0.3590446192461447
7.735,9.490367733678081,0.3509031786702533,0.3395172321860302
7.74,9.496502425167208,0.32233954006032944,0.33059002488680367
7.745,9.502637116656333,0.2927931997821337,0.31236376688269796
7.75,9.50877180814546,0.26414752985748113,0.294783714745632
7.755,9.514906499634586,0.23742708466623688,0.2782204044822674
7.76,9.521041191123711,0.2142607717437126,0.2631547038189778
7.765,9.527175882612838,0.1943656667595152,0.25211738643637516
7.77,9.533310574101963,0.1776630866158516,0.23943249919506351
7.775,9.539445265591091,0.16496832213460297,0.22116060977740068
7.78,9.545579957080216,0.15664632896088632,0.2235980718410168
7.785,9.551714648569343,0.15209777626465137,0.21972928690054863
7.79,9.557849340058468,0.15204587890227295,0.21841662642600196
7.795,9.563984031547594,0.15671496740790405,0.2196859992388409
7.8,9.570118723036721,0.16374622295600413,0.22359113624880952
7.805,9.576253414525846,0.1741591776010471,0.22156331656837597
7.81,9.582388106014973,0.18897838572290063,0.22970684977984696
7.815,9.5885227975041,0.20582326508599105,0.2527500320248579
7.82,9.594657488993224,0.22639470988957605,0.2671559027669902
7.825,9.600792180482351,0.24873568733943166,0.27745246701407195
7.83,9.606926871971478,0.27234731311333865,0.29328506879269856
7.835,9.613061563460603,0.29775693137740106,0.31000008517066663
7.84,9.61919625494973,0.32333730870477273,0.32723654647539346
7.845,9.625330946438854,0.3489963691299472,0.3445837380970853
7.85,9.631465637927981,0.3748010769914744,0.3539771766315444
7.855,9.637600329417108,0.40029774889565684,0.38849863244255917
7.86,9.643735020906234,0.4238373880056177,0.40437529117559234
7.865,9.64986971239536,0.44565269539782976,0.40890888451691154
7.87,9.656004403884486,0.4657805014584975,0.4224290641902803
7.875,9.662139095373613,0.48338375195570665,0.4343903300060177
7.88,9.668273786862738,0.49745295948576107,0.44455200894258473
7.885,9.674408478351864,0.5076616728982162,0.4526386702979558
7.89,9.68054316984099,0.5140634636639158,0.4603827572439835
7.895,9.686677861330116,0.5163369029578018,0.4651510366760969
7.9,9.692812552819243,0.5156873488738336,0.4673156589198336
7.905,9.69894724430837,0.5126471679035142,0.4615356001498223
7.91,9.705081935797494,0.5065115603835634,0.4578814996899781
7.915,9.711216627286621,0.4995807513432943,0.45215246136838844
7.92,9.717351318775746,0.4897470382267363,0.44445594700454133
7.925,9.723486010264873,0.47758129202005967,0.4347517779953047
7.93,9.729620701754,0.4621309450073427,0.43232017929728456
7.935,9.735755393243124,0.44216720157613,0.41940978964589454
7.94,9.741890084732251,0.41870289734704114,0.3888063335782121
7.945,9.748024776221378,0.39526035652798286,0.37151153756546573
7.95,9.754159467710505,0.3718295344681702,0.36130393623934665
7.955,9.76029415919963,0.34593442474959707,0.3439729276661385
7.96,9.766428850688756,0.3235616392389283,0.32688028025039995
7.965,9.772563542177881,0.30352758325223483,0.3103995593379179
7.97,9.778698233667008,0.28402589375703924,0.2947472829566813
7.975,9.784832925156133,0.26199295226452834,0.2801437159488604
7.98,9.790967616645261,0.23924516645795998,0.256968701648295
7.985,9.797102308134386,0.217165349928462,0.2453568342268772
7.99,9.803236999623513,0.19249066528002232,0.24444311379926198
7.995,9.809371691112638,0.17044098270287458,0.2361891213169582
8.0,9.815506382601765,0.15715190971696466,0.23006866049263414
8.005,9.821641074090891,0.1517361688364628,0.220136139102958
8.01,9.827775765580016,0.15370157217300404,0.2245421095757176
8.015,9.833910457069143,0.1604164212214397,0.22127486768005739
8.02,9.840045148558268,0.1708829473373265,0.2278876160420618
8.025,9.846179840047396,0.18307213106249676,0.2310309021638927
8.03,9.852314531536521,0.19606823506723342,0.23908548839829116
8.035,9.858449223025648,0.20992985314777407,0.24755496255572546
8.04,9.864583914514773,0.2261687052469576,0.2577582550455365
8.045,9.8707186060039,0.2453690552186627,0.26971354190247443
8.05,9.876853297493026,0.26673067921717725,0.28322614822803055
8.055,9.882987988982151,0.2890448709316109,0.2978124161150586
8.06,9.889122680471278,0.3126615190309092,0.3130260760787709
8.065,9.895257371960403,0.3372022750022417,0.3284389549496793
8.07,9.90139206344953,0.36014258328215,0.3437662151305801
8.075,9.907526754938655,0.3809969524161232,0.3587359335752765
8.08,9.913661446427783,0.40017721308626064,0.37315646472438513
8.085,9.91979613791691,0.4171041237640798,0.3868615138038315
8.09,9.925930829406035,0.43143449221449426,0.399666530285341
8.095,9.932065520895161,0.4435516892757184,0.41130612811767037
8.1,9.938200212384286,0.45420571553955374,0.42149259980339243
8.105,9.944334903873413,0.4634635353445527,0.42998264157909655
8.11,9.950469595362538,0.47122302807442124,0.43660653073433053
8.115,9.956604286851665,0.4773720284620805,0.4412159093714183
8.12,9.96273897834079,0.48228888502035827,0.44370427230428
8.125,9.968873669829916,0.4852470346759515,0.4440907522010735
8.13,9.975008361319045,0.4859032851937763,0.4424341022969343
8.135,9.98114305280817,0.48387426573560866,0.43877210961147484
8.14,9.987277744297296,0.4788351992594717,0.43316607840225146
8.145,9.993412435786421,0.47060025972587505,0.42567811012132756
8.15,9.999547127275548,0.459284960618826,0.4163715020125261
8.155,10.005681818764673,0.4450215565069639,0.4053161680340745
8.16,10.0118165102538,0.4281465431915257,0.3926516969440764
8.165,10.017951201742925,0.40945847040975314,0.3786071227242745
8.17,10.024085893232051,0.3894578965923359,0.3634342791192995
8.175,10.03022058472118,0.36825866111481337,0.3474674297857637
8.18,10.036355276210305,0.3462073044292003,0.33111625298060204
8.185,10.042489967699431,0.32327536669161167,0.31462763984250475
8.19,10.048624659188556,0.2993774683703906,0.2983737207671467
8.195,10.054759350677683,0.27418715831508994,0.2826129462135636
8.2,10.060894042166808,0.24811291899088544,0.26758495285043554
8.205,10.067028733655935,0.2220437019920723,0.25356174344341004
8.21,10.073163425145061,0.19750964245459401,0.2408060733018585
8.215,10.079298116634186,0.17628696945858038,0.22958564034109277
8.22,10.085432808123313,0.15874231275760634,0.22015251746409567
8.225,10.091567499612438,0.1469850490161054,0.2126871895071589
8.23,10.097702191101567,0.14187232176755699,0.20728189187469429
8.235,10.103836882590691,0.13964240929373223,0.20399266734051513
8.24,10.109971574079818,0.1425419651530903,0.20287444260612505
8.245,10.116106265568943,0.1478589336342266,0.2038873579461949
8.25,10.12224095705807,0.15501239910018583,0.2070078961227803
8.255,10.128375648547197,0.1647975630712913,0.21227535882505597
8.26,10.134510340036321,0.17715248353438193,0.21966367779265655
8.265,10.140645031525448,0.19251745101544424,0.2290344600592384
8.27,10.146779723014573,0.21136288999281502,0.2401919146539837
8.275,10.1529144145037,0.2326860094966621,0.2529442365786076
8.28,10.159049105992825,0.2547474108330578,0.2669292603687675
8.285,10.165183797481953,0.2771335892114376,0.2817043039149554
8.29,10.171318488971078,0.29979264726942056,0.29700828601626394
8.295,10.177453180460205,0.32064869051185674,0.31244085559148504
8.3,10.183587871949332,0.3397184600233831,0.3277036227368031
8.305,10.189722563438457,0.3587296357386742,0.34251637358315257
8.31,10.195857254927583,0.37719840031168494,0.35658247205463234
8.315,10.201991946416708,0.3942960700528133,0.36961795746799603
8.32,10.208126637905835,0.41059351594823196,0.381331455231086
8.325,10.21426132939496,0.42654107317470763,0.3914494479086923
8.33,10.220396020884088,0.4406705486094626,0.3997751878965888
8.335,10.226530712373215,0.45214823623750366,0.4062241725770774
8.34,10.23266540386234,0.46102603342121173,0.4107551072747171
8.345,10.238800095351467,0.4666259262327338,0.4133335531868231
8.35,10.244934786840592,0.46837704368590455,0.4140781328559757
8.355,10.251069478329718,0.466080166873525,0.41310380173002464
8.36,10.257204169818843,0.4601856309723667,0.4104620585740957
8.365,10.26333886130797,0.45089767721501994,0.4062203460434458
8.37,10.269473552797095,0.4385009040403335,0.400446505390586
8.375,10.275608244286222,0.4238407362225461,0.39318669417744734
8.38,10.28174293577535,0.4075265492424881,0.3844594870360335
8.385,10.287877627264475,0.39017608912331936,0.37440941533038846
8.39,10.294012318753602,0.37228321786187013,0.3633233893634333
8.395,10.300147010242727,0.3539400114236469,0.3515225190824213
8.4,10.306281701731853,0.33628486356406173,0.3392831918227863
8.405,10.312416393220978,0.31925750637841166,0.3268946297515182
8.41,10.318551084710105,0.3032530294641638,0.31464318513538303
8.415,10.32468577619923,0.28812243716803965,0.30277240089614343
8.42,10.330820467688357,0.27304541634275686,0.2914924972251863
8.425,10.336955159177483,0.2581374804723203,0.2810786656661856
8.43,10.343089850666608,0.24326972320501675,0.27178473295003874
8.435,10.349224542155737,0.22961904279091822,0.26379261886314903
8.44,10.355359233644862,0.21934169093144537,0.25722979480711966
8.445,10.361493925133988,0.21320775751996004,0.2521859451639418
8.45,10.367628616623113,0.2096000537803987,0.24871966372984955
8.455,10.37376330811224,0.20821724018927323,0.24679467815479317
8.46,10.379897999601367,0.20879982993468654,0.2463684182521209
8.465,10.386032691090492,0.21089916194833494,0.24738380489516124
8.47,10.392167382579618,0.2140197001249202,0.24978981763549238
8.475,10.398302074068743,0.2198104413013192,0.2535670846466043
8.48,10.404436765557872,0.22866814918346204,0.258683399270431
8.485,10.410571457046997,0.2396921534178032,0.26511364988001496
8.49,10.416706148536123,0.25235678394670397,0.2727484613890523
8.495,10.422840840025248,0.2663623753551344,0.2813672500775703
8.5,10.428975531514375,0.2811481013077093,0.2906750539781318
8.505,10.435110223003502,0.29586016648787755,0.30044857890944165
8.51,10.441244914492627,0.3103060484222945,0.31047521309659293
8.515,10.447379605981753,0.3245761489680109,0.3205315029193893
8.52,10.453514297470878,0.33864870471499364,0.33044023203901624
8.525,10.459648988960005,0.35236802357610747,0.34005599217747234
8.53,10.46578368044913,0.36558008757268,0.349167765948864
8.535,10.471918371938258,0.3783049860062789,0.35756230382267895
8.54,10.478053063427383,0.3899500844807033,0.36508981295112963
8.545,10.48418775491651,0.40033625339032436,0.371639323858899
8.55,10.490322446405637,0.40867163943175194,0.3771147746079432
8.555,10.496457137894762,0.41484407733790474,0.38144601208168266
8.56,10.502591829383888,0.4187765581194502,0.3846001121469954
8.565,10.508726520873013,0.4199819162134097,0.386546063937575
8.57,10.51486121236214,0.418982473460501,0.3872470370672172
8.575,10.520995903851265,0.4159506630324987,0.38666954936664527
8.58,10.527130595340392,0.411157690500543,0.3848133616775075
8.585,10.53326528682952,0.404953444533577,0.38169768638741225
8.59,10.539399978318645,0.39776984511526753,0.37735480987387654
8.595,10.545534669807772,0.38989651300985945,0.37189028068957247
8.6,10.551669361296897,0.3813468410850638,0.3654417743257878
8.605,10.557804052786024,0.3721040882562388,0.3581968706499223
8.61,10.563938744275148,0.3620962678594432,0.35035072287718866
8.615,10.570073435764275,0.3511710360244676,0.34209856394225
8.62,10.5762081272534,0.3392965846904964,0.33363554706031906
8.625,10.582342818742527,0.32652146300298446,0.3251078777039039
8.63,10.588477510231655,0.31338808210421226,0.3166493251112099
8.635,10.59461220172078,0.3001509064806808,0.3083952529094556
8.64,10.600746893209907,0.28710457922202864,0.30047440801145475
8.645,10.606881584699032,0.2751949716103183,0.2930117107963897
8.65,10.613016276188159,0.26491761975084543,0.28614555423060384
8.655,10.619150967677284,0.2565286622385764,0.27999631468459196
8.66,10.62528565916641,0.25007497411049834,0.27468141890917447
8.665,10.631420350655535,0.24548122048573923,0.27029102960304613
8.67,10.637555042144662,0.24225856169286003,0.26689482156608285
8.675,10.643689733633789,0.23990141697578238,0.2645426194549464
8.68,10.649824425122913,0.23832105858592573,0.26326854319451864
8.685,10.655959116612042,0.23782217426370164,0.26307594100172704
8.69,10.662093808101167,0.23861570167555954,0.2639579570038153
8.695,10.668228499590294,0.2410532035989005,0.26590175636922714
8.7,10.674363191079419,0.24570722512835771,0.26885320959096526
8.705,10.680497882568545,0.25221281061881423,0.2727272560151769
8.71,10.686632574057672,0.26049127697246965,0.27741731073633136
8.715,10.692767265546797,0.26989809243074964,0.2827993302892035
8.72,10.698901957035924,0.2798506672482384,0.2887334070378876
8.725,10.705036648525049,0.28990034035662987,0.29508106829658903
8.73,10.711171340014175,0.2997658615340011,0.3017134077135929
8.735,10.7173060315033,0.30934343605559034,0.30850247557059174
8.74,10.723440722992429,0.31867324252453294,0.3153057334898079
8.745,10.729575414481554,0.3279243658956776,0.32197825150994364
8.75,10.73571010597068,0.33717548926681984,0.3283798828367412
8.755,10.741844797459807,0.34627259465928967,0.33436537863109994
8.76,10.747979488948932,0.3550198113828189,0.3398187470923117
8.765,10.754114180438059,0.3630973847208149,0.34463587461781614
8.77,10.760248871927184,0.37009683220810413,0.3487397522182769
8.775,10.76638356341631,0.3755594481255907,0.35206764068602564
8.78,10.772518254905435,0.37918054473286306,0.35456110566372934
8.785,10.778652946394564,0.3808914835829009,0.356165061010983
8.79,10.784787637883687,0.3806905905672414,0.3568356610299241
8.795,10.790922329372815,0.37873858009841116,0.35655098287162196
8.8,10.797057020861942,0.3754874614616471,0.35532354248982945
8.805,10.803191712351067,0.3714026368098922,0.3532145644226527
8.81,10.809326403840194,0.3667335483042611,0.3503124575408722
8.815,10.815461095329319,0.36165095500806294,0.3466938322365712
8.82,10.821595786818445,0.35607952204042576,0.34241752146433546
8.825,10.82773047830757,0.34973632507096125,0.3375327918446724
8.83,10.833865169796697,0.3422631048884093,0.332101505671293
8.835,10.839999861285825,0.3334489238263276,0.3262313639220373
8.84,10.84613455277495,0.3234260364533557,0.3200863495069103
8.845,10.852269244264077,0.3126950012001854,0.31385468004891726
8.85,10.858403935753202,0.30214811787803525,0.3077115789006061
8.855,10.864538627242329,0.29288694985610797,0.3017867496081985
8.86,10.870673318731454,0.2853283501419014,0.2961560053692711
8.865,10.87680801022058,0.2790286799924957,0.29086478627069917
8.87,10.882942701709705,0.2732948585038665,0.28595813380210505
8.875,10.889077393198832,0.26751751019517844,0.2815064402384202
8.88,10.895212084687959,0.2615024384846239,0.277608238820659
8.885,10.901346776177084,0.2559075679984932,0.27437689060765796
8.89,10.907481467666212,0.2518461808652343,0.2719121246321913
8.895,10.913616159155337,0.24982553194938628,0.2702864058749078
8.9,10.919750850644464,0.24973345598387742,0.26952691866848205
8.905,10.925885542133589,0.25106604632108737,0.26961094296947624
8.91,10.932020233622715,0.2531570077924161,0.2704688836974657
8.915,10.93815492511184,0.2556179472342507,0.2720167962709062
8.92,10.944289616600967,0.2586112531675855,0.27419481138235346
8.925,10.950424308090094,0.26259395720304396,0.27696442453713904
8.93,10.956558999579219,0.26787409529797573,0.2803001255110523
8.935,10.962693691068347,0.27440479241538873,0.28416930904877385
8.94,10.968828382557472,0.2816888383415268,0.288501104558668
8.945,10.974963074046599,0.2892859425504033,0.2931787230455197
8.95,10.981097765535724,0.29674576986524437,0.2980683952711236
8.955,10.98723245702485,0.3039126281989145,0.3004851422354859
8.96,10.993367148513977,0.31090370514388416,0.30308614728361216
8.965,10.999501840003102,0.31783451418415326,0.30585998836645634
8.97,11.005636531492229,0.3247669973328878,0.3088154025507038
8.975,11.011771222981354,0.3314567347543645,0.31195316188714867
8.98,11.01790591447048,0.3375672306473562,0.3152437755327557
8.985,11.024040605959605,0.3427552927767767,0.31862732412095424
8.99,11.030175297448734,0.34687527370627064,0.3220290573290746
8.995,11.036309988937859,0.35007616908911926,0.3253907422447036
9.0,11.042444680426986,0.3525086486870689,0.32867299676236733
